{
  "total_levels": 20,
  "current_level": 3,
  "window": "2-4",
  "summary": [
    {
      "level": 1,
      "title": "The Social Scaffold",
      "tier": 1,
      "word_count": 24,
      "words": [
        "வணக்கம்",
        "ஆமா",
        "இல்ல",
        "சரி",
        "நீங்க",
        "நீ",
        "இங்க",
        "அங்க",
        "எங்க?",
        "இருக்கு",
        "இல்லையா?",
        "என்ன?",
        "தெரியும்",
        "தெரியாது",
        "வரேன்",
        "போறேன்",
        "வேணும்",
        "வேண்டாம்",
        "குடுங்க",
        "எடுங்க",
        "சொல்லுங்க",
        "வாருங்களா?",
        "சாப்டீங்களா?",
        "உக்காருங்க"
      ]
    },
    {
      "level": 2,
      "title": "Domestic Defense",
      "tier": 1,
      "word_count": 23,
      "words": [
        "நல்லா இருக்கு",
        "சூப்பர்",
        "செம்ம",
        "காரம்",
        "உப்பு",
        "அப்புறம்",
        "இப்போ",
        "நாளைக்கு",
        "நேரம் ஆச்சு",
        "கொஞ்சம்",
        "நிறைய",
        "ஒன்னு மட்டும்",
        "போதும்",
        "பசி",
        "வயிறு ஃபுல்",
        "தாகம்",
        "டயர்ட்",
        "எனக்கு",
        "உனக்கு",
        "பரவாயில்லை",
        "சாப்பிடுங்க",
        "வேற என்ன?",
        "போயிட்டு வரேன்"
      ]
    },
    {
      "level": 3,
      "title": "Urban Survival",
      "tier": 1,
      "word_count": 22,
      "words": [
        "வலது",
        "இடது",
        "நேரா",
        "நிறுத்துங்க",
        "ஒன்னு",
        "ரெண்டு",
        "மூணு",
        "அஞ்சு",
        "பத்து",
        "நூறு",
        "எவ்வளவு?",
        "காசு",
        "ஜாஸ்தி",
        "கம்மி",
        "கிட்ட",
        "மேல",
        "கீழ",
        "உள்ள",
        "வெளிய",
        "மீட்டர் போடுங்க",
        "போலாம்",
        "சில்லறை"
      ]
    },
    {
      "level": 4,
      "title": "The Debrief",
      "tier": 2,
      "word_count": 21,
      "words": [
        "போனேன்",
        "வந்தேன்",
        "பண்ணினேன்",
        "கொடுத்தேன்",
        "சாப்பிட்டேன்",
        "குடிச்சேன்",
        "பார்த்தேன்",
        "தூங்கினேன்",
        "எழுந்தேன்",
        "அதுக்கு அப்புறம்",
        "முன்னாடி",
        "நேத்து",
        "இன்னைக்கு",
        "முதல்ல",
        "ஏன்னா",
        "அதனால",
        "ஆனா",
        "அதான்",
        "சாப்பிட்டீங்களா?",
        "இன்னும் இல்ல",
        "இப்போ தான் சாப்பிட்டேன்"
      ]
    },
    {
      "level": 5,
      "title": "Kinship & Gossip",
      "tier": 2,
      "word_count": 25,
      "words": [
        "அண்ணா",
        "தம்பி",
        "அக்கா",
        "தங்கச்சி",
        "மாமா",
        "அத்தை",
        "அவங்க",
        "அவன்",
        "அவ",
        "அது",
        "நம்ம",
        "நாங்க",
        "சொன்னாங்க",
        "கேட்டாங்க",
        "சொன்னேன்",
        "கேட்டேன்",
        "நினைச்சேன்",
        "அப்படீங்களா?",
        "நிஜமா?",
        "புரிஞ்சுது",
        "புரியல",
        "முறை மாமன்",
        "பொண்ணு",
        "பையன்",
        "கல்யாணம்"
      ]
    },
    {
      "level": 6,
      "title": "Operations (The Future)",
      "tier": 3,
      "word_count": 22,
      "words": [
        "போவேன்",
        "வருவேன்",
        "பண்ணுவேன்",
        "சாப்பிடுவேன்",
        "போலாமா?",
        "பண்ணலாமா?",
        "பாக்கலாமா?",
        "சாப்பிடலாமா?",
        "போலாம்",
        "நாளைக்கு",
        "அடுத்த வாரம்",
        "எப்பவும்",
        "அப்பப்போ",
        "இன்னும் கொஞ்ச நேரம்",
        "வந்தா",
        "போனா",
        "மழை வந்தா",
        "டைம் இருந்தா",
        "வர்றேன்",
        "கிளம்பிட்டேன்",
        "வந்துட்டேன்",
        "சீக்கிரம் வரேன்"
      ]
    },
    {
      "level": 7,
      "title": "Local Fluency (Attitude)",
      "tier": 3,
      "word_count": 24,
      "words": [
        "இல்ல?",
        "தானே?",
        "அ?",
        "ஆமா இல்லையா?",
        "செம்ம",
        "பயங்கரம்",
        "மொக்கை",
        "வேற லெவல்",
        "அட்டகாசம்",
        "சும்மா",
        "ஆக்சுவலா",
        "ஒரு நிமிஷம்",
        "வந்து",
        "அதான்",
        "வந்துட்டேன்",
        "வந்து விட்டேன்",
        "போயிட்டேன்",
        "போய் விட்டேன்",
        "பண்ணிட்டேன்",
        "மச்சி",
        "டேய்",
        "ஐயோ",
        "சபாஷ்",
        "ஓகே மச்சி"
      ]
    },
    {
      "level": 8,
      "title": "Deep Cover (Graduation)",
      "tier": 3,
      "word_count": 25,
      "words": [
        "ஏன் அப்படி?",
        "என்னாச்சு?",
        "விடுங்க",
        "பரவாயில்லை",
        "மன்னிச்சுக்கங்க",
        "சிரிப்பு",
        "காமெடி",
        "செம ஜோக்",
        "ஒன்னும் இல்ல",
        "வேடிக்கை",
        "சீக்கிரம்",
        "மெதுவா",
        "கவனமா",
        "நல்லா",
        "சரியா",
        "வணக்கம்",
        "நல்லா இருக்கு",
        "வலது",
        "போனேன்",
        "அவங்க",
        "போவேன்",
        "செம்ம",
        "நன்றி",
        "தமிழ் தெரியும்",
        "கொஞ்சம் கொஞ்சமா கத்துக்கிட்டு இருக்கேன்"
      ]
    },
    {
      "level": 9,
      "title": "The Interrogator",
      "tier": 2,
      "word_count": 14,
      "words": [
        "யாரு?",
        "ஏன்?",
        "எப்போ?",
        "எப்படி?",
        "எந்த?",
        "முடியும்",
        "முடியாது",
        "கூடாது",
        "போகணும்",
        "பண்ணணும்",
        "சொல்லணும்",
        "என்னாச்சு?",
        "யாரு கூப்பிட்டாங்க?",
        "எங்க போனீங்க?"
      ]
    },
    {
      "level": 10,
      "title": "The Emotional Radar",
      "tier": 2,
      "word_count": 15,
      "words": [
        "சந்தோஷம்",
        "பெருமை",
        "கோவம்",
        "பயம்",
        "கோவப்படாதீங்க",
        "கவலை",
        "கவலைப்படாதீங்க",
        "சோகம்",
        "வெட்கம்",
        "பிடிக்கும்",
        "பிடிக்காது",
        "இஷ்டம்",
        "எனக்கு சந்தோஷம்",
        "எனக்கு பயமா இருக்கு",
        "எனக்கு கவலையா இருக்கு"
      ]
    },
    {
      "level": 11,
      "title": "The Adjective Arsenal",
      "tier": 2,
      "word_count": 18,
      "words": [
        "பெரிய",
        "சின்ன",
        "உயரம்",
        "குட்டை",
        "புது",
        "பழைய",
        "அழகான",
        "நல்ல",
        "கெட்ட",
        "தப்பு",
        "சரியான",
        "சூடு",
        "குளிர்",
        "கஷ்டம்",
        "ஈஸி",
        "விட",
        "இதை விட அது நல்லா இருக்கு",
        "என்னை விட உயரம்"
      ]
    },
    {
      "level": 12,
      "title": "The Morning Protocol",
      "tier": 2,
      "word_count": 20,
      "words": [
        "எழுந்திரு",
        "குளி",
        "பல் தேய்",
        "சட்டை",
        "துணி",
        "போடு",
        "கழட்டு",
        "மாத்து",
        "வீடு",
        "கதவு",
        "ஜன்னல்",
        "விசிறி",
        "லைட்",
        "கிளம்பு",
        "திரும்பு",
        "லேட்",
        "லேட் ஆச்சு",
        "கோலம்",
        "வாசல்",
        "காலைல"
      ]
    },
    {
      "level": 13,
      "title": "Kitchen Commander",
      "tier": 2,
      "word_count": 17,
      "words": [
        "சமை",
        "ஊத்து",
        "கலக்கு",
        "திற",
        "மூடு",
        "வை",
        "கழுவு",
        "துவை",
        "துடை",
        "தண்ணி",
        "அரிசி",
        "பால்",
        "காபி",
        "டீ",
        "டிகிரி காபி",
        "தூள்",
        "டம்ளர்"
      ]
    },
    {
      "level": 14,
      "title": "The Digital Connector",
      "tier": 2,
      "word_count": 15,
      "words": [
        "கூப்பிடு",
        "போன் எடு",
        "போன் பண்ணு",
        "அனுப்பு",
        "கிடைச்சுது",
        "மெசேஜ்",
        "ஃப்ரீ-யா?",
        "நேரம் இருக்கா?",
        "ரெடி-யா?",
        "கன்ஃபர்ம்",
        "கேன்சல்",
        "போஸ்ட்போன்",
        "ம்ம்",
        "வரேன் டா",
        "சீக்கிரம் வா"
      ]
    },
    {
      "level": 15,
      "title": "The Verb Engine: Action",
      "tier": 3,
      "word_count": 22,
      "words": [
        "பேசுறேன்",
        "பேசினேன்",
        "பேசுவேன்",
        "பேசுங்க",
        "பேசாதீங்க",
        "வாங்குறேன்",
        "வாங்கினேன்",
        "வாங்குவேன்",
        "வாங்குங்க",
        "தேடுறேன்",
        "தேடினேன்",
        "தேடுவேன்",
        "தேடுங்க",
        "நடக்கிறேன்",
        "நடந்தேன்",
        "ஓடுறேன்",
        "ஓடினேன்",
        "ஓடாதீங்க",
        "போக வேணும்",
        "சாப்பிட முடியாது",
        "பேச கூடாது",
        "வாங்க போறேன்"
      ]
    },
    {
      "level": 16,
      "title": "The Verb Engine: Mind & Hand",
      "tier": 3,
      "word_count": 19,
      "words": [
        "மறந்துட்டேன்",
        "மறக்காதீங்க",
        "மறந்திடாதீங்க",
        "மறக்க முடியாது",
        "கத்துக்கிறேன்",
        "கத்துக்கிட்டேன்",
        "கத்துக்குவேன்",
        "கத்துக்குங்க",
        "காட்டுங்க",
        "காட்டினேன்",
        "காட்டுவேன்",
        "காட்டுறேன்",
        "அடி",
        "அடிக்காதீங்க",
        "விடு",
        "விடுங்க",
        "சொல்லிடு",
        "எழுதிப்போடு",
        "பார்த்துக்கிறேன்"
      ]
    },
    {
      "level": 17,
      "title": "The Invisible Glue",
      "tier": 3,
      "word_count": 17,
      "words": [
        "கூட",
        "நானும்",
        "அவங்களும்",
        "மட்டும்",
        "தான்",
        "நானே",
        "எல்லாம்",
        "ஒன்னுமே இல்ல",
        "யாரும் இல்ல",
        "எங்கேயும்",
        "ஏற்கனவே",
        "இன்னும்",
        "அல்லது",
        "அவ்வளவுதான்",
        "நான் தான் சொன்னேன்",
        "சரி தான்",
        "அது தான்"
      ]
    },
    {
      "level": 18,
      "title": "The Chennai Clock",
      "tier": 3,
      "word_count": 19,
      "words": [
        "வெயில்",
        "மழை",
        "காத்து",
        "வெக்கை",
        "காலைல",
        "மத்தியானம்",
        "சாயங்காலம்",
        "ராத்திரி",
        "நாலு",
        "ஆறு",
        "ஏழு",
        "எட்டு",
        "ஒன்பது",
        "மணி",
        "ஆயிரம்",
        "அரை",
        "வெள்ளம்",
        "மின்சாரம்",
        "கரண்ட் போச்சு"
      ]
    },
    {
      "level": 19,
      "title": "The Debater",
      "tier": 3,
      "word_count": 15,
      "words": [
        "ஒத்துக்கிறேன்",
        "கரெக்ட்",
        "சரிதான்",
        "மாட்டேன்",
        "ஒத்துக்க மாட்டேன்",
        "அது சரி இல்ல",
        "தோணுது",
        "-ன்னு நினைக்கிறேன்",
        "யோசி",
        "try பண்ணு",
        "ஒரு தடவை",
        "பாக்கலாம்",
        "உங்க point சரிதான், ஆனா...",
        "இப்படி பாருங்க",
        "என் opinion-ல"
      ]
    },
    {
      "level": 20,
      "title": "The Decoder Ring",
      "tier": 3,
      "word_count": 22,
      "words": [
        "அப்படி",
        "இப்படி",
        "அந்த",
        "இந்த",
        "அதே",
        "வேற",
        "பாரு",
        "கேளு",
        "ஜாக்கிரதை",
        "நில்லு",
        "ஓடு",
        "போடா",
        "போடி",
        "கலக்குறே",
        "mass",
        "ஆஹா",
        "சே",
        "கடவுளே",
        "ஏன் இப்படி?",
        "படம்",
        "பாட்டு",
        "கதை"
      ]
    }
  ],
  "active_levels": {
    "2": {
      "title": "Domestic Defense",
      "tier": 1,
      "description": "The Kitchen. Surviving meals, managing time, expressing internal states, and the art of hospitality.",
      "episodes": [
        {
          "episode": 1,
          "topic": "Sensory Feedback",
          "intro": "Week 2. The Kitchen. The most dangerous room in the house. Today we learn how to survive by giving feedback.",
          "vocab": [
            {
              "tamil": "நல்லா இருக்கு",
              "english": "It's good"
            },
            {
              "tamil": "சூப்பர்",
              "english": "Super"
            },
            {
              "tamil": "செம்ம",
              "english": "Awesome / Extreme"
            },
            {
              "tamil": "காரம்",
              "english": "Spicy"
            },
            {
              "tamil": "உப்பு",
              "english": "Salt / Salty"
            }
          ],
          "scenario": "You are eating. The host looks at you. You say 'Super'. They give you pickle. You say 'Kaaram'. They ask about the rice. You say 'Nalla Irukku'."
        },
        {
          "episode": 2,
          "topic": "The Time Shield",
          "intro": "They want you to do things now. You want to do them later. Today we control time.",
          "vocab": [
            {
              "tamil": "அப்புறம்",
              "english": "Later / After that"
            },
            {
              "tamil": "இப்போ",
              "english": "Now"
            },
            {
              "tamil": "நாளைக்கு",
              "english": "Tomorrow"
            },
            {
              "tamil": "நேரம் ஆச்சு",
              "english": "It's time / Time's up"
            }
          ],
          "scenario": "Mother-in-law asks you to fix the fan. You say 'Not now. Later.' She asks when. You say 'Tomorrow'. She says 'Okay'."
        },
        {
          "episode": 3,
          "topic": "Quantitative Control",
          "intro": "Managing the flow of food. The 'Infinite Dosa' loop is real. You need shields.",
          "vocab": [
            {
              "tamil": "கொஞ்சம்",
              "english": "A little"
            },
            {
              "tamil": "நிறைய",
              "english": "A lot"
            },
            {
              "tamil": "ஒன்னு மட்டும்",
              "english": "Only one"
            },
            {
              "tamil": "போதும்",
              "english": "Enough"
            }
          ],
          "scenario": "They bring rice. You say 'Konjam'. They bring a bucket of Sambar. You say 'Podhum!'. They offer a sweet. You say 'Onnu Mattum'."
        },
        {
          "episode": 4,
          "topic": "Internal States",
          "intro": "How do you feel? Hunger, thirst, and fatigue. And the 'To me / To you' pattern.",
          "vocab": [
            {
              "tamil": "பசி",
              "english": "Hungry"
            },
            {
              "tamil": "வயிறு ஃபுல்",
              "english": "Stomach full"
            },
            {
              "tamil": "தாகம்",
              "english": "Thirsty"
            },
            {
              "tamil": "டயர்ட்",
              "english": "Tired"
            },
            {
              "tamil": "எனக்கு",
              "english": "To me / For me"
            },
            {
              "tamil": "உனக்கு",
              "english": "To you / For you"
            }
          ],
          "scenario": "You come home. Wife asks 'Coffee?'. You say 'No, Thirst'. She gives water. She asks 'Food?'. You say 'Enaku Pasi' (To me hunger)."
        },
        {
          "episode": 5,
          "topic": "BOSS FIGHT: Sunday Lunch",
          "intro": "The Ultimate Test. You are seated. The leaf is open. Survive.",
          "vocab": [],
          "scenario": "Rice is served. Say 'Enough'. Sambar is poured. Say 'Super'. They offer seconds. Say 'Only one'. They ask if you want Rasam. Say 'Later'. You finish. Say 'Stomach Full'."
        },
        {
          "episode": 6,
          "topic": "Rest and Reps",
          "intro": "Audit day. Reviewing the Kitchen Arsenal.",
          "vocab": [
            {
              "tamil": "நல்லா இருக்கு",
              "english": "It's good"
            },
            {
              "tamil": "போதும்",
              "english": "Enough"
            },
            {
              "tamil": "கொஞ்சம்",
              "english": "A little"
            },
            {
              "tamil": "அப்புறம்",
              "english": "Later"
            },
            {
              "tamil": "இப்போ",
              "english": "Now"
            },
            {
              "tamil": "நாளைக்கு",
              "english": "Tomorrow"
            },
            {
              "tamil": "பசி",
              "english": "Hungry"
            },
            {
              "tamil": "வயிறு ஃபுல்",
              "english": "Stomach full"
            },
            {
              "tamil": "எனக்கு",
              "english": "To me"
            },
            {
              "tamil": "உனக்கு",
              "english": "To you"
            }
          ],
          "scenario": "Rapid fire. English to Tamil."
        },
        {
          "episode": 7,
          "topic": "Upacharam (Hospitality)",
          "intro": "The Art of Hospitality. You cannot just say No. You must praise, then refuse.",
          "vocab": [
            {
              "tamil": "பரவாயில்லை",
              "english": "It's okay / No problem"
            },
            {
              "tamil": "சாப்பிடுங்க",
              "english": "Please eat (respectful)"
            },
            {
              "tamil": "வேற என்ன?",
              "english": "What else?"
            },
            {
              "tamil": "போயிட்டு வரேன்",
              "english": "I'll go and come back (goodbye)"
            }
          ],
          "scenario": "You are leaving a dinner. You say the food was Super. You say 'Poittu Varen'. They say stay longer. You say 'Paravailla'."
        }
      ]
    },
    "3": {
      "title": "Urban Survival",
      "tier": 1,
      "description": "The Streets. Auto rickshaws, numbers, money, and spatial relationships.",
      "episodes": [
        {
          "episode": 1,
          "topic": "The Auto Protocol",
          "intro": "You are no longer in the house. You are in an Auto Rickshaw. You must command the pilot.",
          "vocab": [
            {
              "tamil": "வலது",
              "english": "Right"
            },
            {
              "tamil": "இடது",
              "english": "Left"
            },
            {
              "tamil": "நேரா",
              "english": "Straight"
            },
            {
              "tamil": "நிறுத்துங்க",
              "english": "Stop (respectful)"
            }
          ],
          "scenario": "You are in an auto. You see your street. You say 'Right'. Then 'Left'. Then 'Stop here'."
        },
        {
          "episode": 2,
          "topic": "The Numbers Game",
          "intro": "Commerce. You cannot buy if you cannot count. The essential numbers for survival.",
          "vocab": [
            {
              "tamil": "ஒன்னு",
              "english": "One"
            },
            {
              "tamil": "ரெண்டு",
              "english": "Two"
            },
            {
              "tamil": "மூணு",
              "english": "Three"
            },
            {
              "tamil": "அஞ்சு",
              "english": "Five"
            },
            {
              "tamil": "பத்து",
              "english": "Ten"
            },
            {
              "tamil": "நூறு",
              "english": "Hundred"
            }
          ],
          "scenario": "You ask for 2 idlis. Rendu. Price is 10 rupees. Pathu. Give 100 rupees. Nooru."
        },
        {
          "episode": 3,
          "topic": "Transactions",
          "intro": "Money. How to ask the price and complain that it is too high.",
          "vocab": [
            {
              "tamil": "எவ்வளவு?",
              "english": "How much?"
            },
            {
              "tamil": "காசு",
              "english": "Money"
            },
            {
              "tamil": "ஜாஸ்தி",
              "english": "Too much"
            },
            {
              "tamil": "கம்மி",
              "english": "Less"
            }
          ],
          "scenario": "You buy bananas. You ask 'How much?'. He says 500. You say 'Too much'. You ask 'Less?'."
        },
        {
          "episode": 4,
          "topic": "Possession & Inventory",
          "intro": "Where exactly is it? Spatial relationships and prepositions of place.",
          "vocab": [
            {
              "tamil": "கிட்ட",
              "english": "Near / With (person)"
            },
            {
              "tamil": "மேல",
              "english": "On top / Above"
            },
            {
              "tamil": "கீழ",
              "english": "Below / Under"
            },
            {
              "tamil": "உள்ள",
              "english": "Inside"
            },
            {
              "tamil": "வெளிய",
              "english": "Outside"
            }
          ],
          "scenario": "Phone is inside the bag. Bag is on the table. Key is with me."
        },
        {
          "episode": 5,
          "topic": "BOSS FIGHT: The Vendor Stare-Down",
          "intro": "The Market. You need to take an auto to the market and buy fruit. Fight.",
          "vocab": [],
          "scenario": "Auto Driver asks where. Say 'Go Straight'. You need to turn. Say 'Right'. You reach the shop. Say 'Stop'. You pick an apple. Ask 'How much?'. He says 1000 rupees. Say 'Too much!'. Ask for 'Less'."
        },
        {
          "episode": 6,
          "topic": "Rest and Reps",
          "intro": "Audit Day. Reviewing direction and money.",
          "vocab": [
            {
              "tamil": "வலது",
              "english": "Right"
            },
            {
              "tamil": "இடது",
              "english": "Left"
            },
            {
              "tamil": "எவ்வளவு?",
              "english": "How much?"
            },
            {
              "tamil": "ஜாஸ்தி",
              "english": "Too much"
            },
            {
              "tamil": "ஒன்னு",
              "english": "One"
            },
            {
              "tamil": "பத்து",
              "english": "Ten"
            }
          ],
          "scenario": "Rapid fire."
        },
        {
          "episode": 7,
          "topic": "Auto Rickshaw Diplomacy",
          "intro": "The Meter. The classic conflict. Negotiating the ride.",
          "vocab": [
            {
              "tamil": "மீட்டர் போடுங்க",
              "english": "Use the meter (respectful)"
            },
            {
              "tamil": "போலாம்",
              "english": "Let's go"
            },
            {
              "tamil": "சில்லறை",
              "english": "Change (coins)"
            }
          ],
          "scenario": "You get in. You say 'Meter Podunga'. He says No. You say 'Polaam' (Let's go). At the end, you ask for 'Chillarai'."
        }
      ]
    },
    "4": {
      "title": "The Debrief",
      "tier": 2,
      "description": "Past tense. Reporting what happened with chronology, sequence, and logic connectors.",
      "episodes": [
        {
          "episode": 1,
          "topic": "Past Verbs (Action)",
          "intro": "You are no longer in the present. You must report what happened. Today we learn the past tense for movement and action.",
          "vocab": [
            {
              "tamil": "போனேன்",
              "english": "I went"
            },
            {
              "tamil": "வந்தேன்",
              "english": "I came"
            },
            {
              "tamil": "பண்ணினேன்",
              "english": "I did"
            },
            {
              "tamil": "கொடுத்தேன்",
              "english": "I gave"
            }
          ],
          "scenario": "Wife asks what you did today. You say 'I went to the market. I came back. I gave the money'."
        },
        {
          "episode": 2,
          "topic": "Past Verbs (Consumption)",
          "intro": "What did you consume? Food, media, sleep. The past tense of consumption.",
          "vocab": [
            {
              "tamil": "சாப்பிட்டேன்",
              "english": "I ate"
            },
            {
              "tamil": "குடிச்சேன்",
              "english": "I drank"
            },
            {
              "tamil": "பார்த்தேன்",
              "english": "I saw / I watched"
            },
            {
              "tamil": "தூங்கினேன்",
              "english": "I slept"
            },
            {
              "tamil": "எழுந்தேன்",
              "english": "I woke up"
            }
          ],
          "scenario": "You woke up. You drank coffee. You ate breakfast. You watched TV. You slept."
        },
        {
          "episode": 3,
          "topic": "Chronology Glue",
          "intro": "Building sequences. First this, then that. Before, after, yesterday, today.",
          "vocab": [
            {
              "tamil": "அதுக்கு அப்புறம்",
              "english": "After that"
            },
            {
              "tamil": "முன்னாடி",
              "english": "Before"
            },
            {
              "tamil": "நேத்து",
              "english": "Yesterday"
            },
            {
              "tamil": "இன்னைக்கு",
              "english": "Today"
            },
            {
              "tamil": "முதல்ல",
              "english": "First"
            }
          ],
          "scenario": "Yesterday I went to the market. First I bought rice. After that I came home. Today I am tired."
        },
        {
          "episode": 4,
          "topic": "Logic Connectors",
          "intro": "Why did it happen? Because. Therefore. But. The glue that makes stories make sense.",
          "vocab": [
            {
              "tamil": "ஏன்னா",
              "english": "Because"
            },
            {
              "tamil": "அதனால",
              "english": "Therefore"
            },
            {
              "tamil": "ஆனா",
              "english": "But"
            },
            {
              "tamil": "அதான்",
              "english": "That's why / Exactly"
            }
          ],
          "scenario": "I was hungry. Therefore I went to the shop. But the shop was closed. That's why I came home."
        },
        {
          "episode": 5,
          "topic": "BOSS FIGHT: The Evening Report",
          "intro": "The family is seated. They want to know about your day. Tell them 4 sequential things you did.",
          "vocab": [],
          "scenario": "What did you do first? 'First I went to office.' After that? 'After that I did a meeting.' Then? 'Then I ate lunch.' Why did you come home late? 'Traffic was too much, therefore it got late.'"
        },
        {
          "episode": 6,
          "topic": "Rest and Reps",
          "intro": "Audit Day. Reviewing the past tense and chronology glue.",
          "vocab": [
            {
              "tamil": "போனேன்",
              "english": "I went"
            },
            {
              "tamil": "வந்தேன்",
              "english": "I came"
            },
            {
              "tamil": "சாப்பிட்டேன்",
              "english": "I ate"
            },
            {
              "tamil": "பார்த்தேன்",
              "english": "I saw"
            },
            {
              "tamil": "நேத்து",
              "english": "Yesterday"
            },
            {
              "tamil": "அதுக்கு அப்புறம்",
              "english": "After that"
            },
            {
              "tamil": "ஏன்னா",
              "english": "Because"
            },
            {
              "tamil": "அதனால",
              "english": "Therefore"
            }
          ],
          "scenario": "Rapid fire drill. Build three-sentence stories using past tense and connectors."
        },
        {
          "episode": 7,
          "topic": "The Saaptiya Loop",
          "intro": "The infinite care question. Understanding why 'Did you eat?' is never just about food.",
          "vocab": [
            {
              "tamil": "சாப்பிட்டீங்களா?",
              "english": "Did you eat? (respectful)"
            },
            {
              "tamil": "சாப்பிட்டேன்",
              "english": "I ate"
            },
            {
              "tamil": "இன்னும் இல்ல",
              "english": "Not yet"
            },
            {
              "tamil": "இப்போ தான் சாப்பிட்டேன்",
              "english": "I just ate"
            }
          ],
          "scenario": "Someone calls you at 3pm. First question: Saaptingala? You must answer correctly or they will worry."
        }
      ]
    }
  }
}