{
    "learner": "Andrew",
    "current_tier": 2,
    "active_mission": {
        "tier": 2,
        "topic": "Pronoun Toggles: Respect and Reference",
        "target_vocab": [
            {
                "tamil": "அவங்க",
                "english": "They / He-She (respectful)"
            },
            {
                "tamil": "அவன்",
                "english": "He (informal)"
            },
            {
                "tamil": "அவ",
                "english": "She (informal)"
            },
            {
                "tamil": "அது",
                "english": "It / That"
            },
            {
                "tamil": "நம்ம",
                "english": "Our (inclusive)"
            },
            {
                "tamil": "நாங்க",
                "english": "We (exclusive)"
            }
        ]
    },
    "tier_progress": {
        "tier1": {
            "target": 76,
            "mastered": 52,
            "label": "Survival"
        },
        "tier2": {
            "target": 177,
            "mastered": 0,
            "label": "Comfort"
        },
        "tier3": {
            "target": 207,
            "mastered": 0,
            "label": "Embedded"
        }
    },
    "total_sessions": 8,
    "streak": {
        "current": 5,
        "best": 5,
        "last_date": "2026-02-24"
    },
    "struggled_words": [
        "கிட்ட",
        "கீழ",
        "மேல",
        "முன்னாடி",
        "முதல்ல",
        "இன்னைக்கு",
        "பத்து",
        "நூறு",
        "எழுந்தேன்",
        "பார்த்தேன்",
        "தம்பி",
        "தங்கச்சி",
        "மாமா",
        "அத்தை"
    ],
    "mastered_words": [],
    "comfortable_words": [
        "ஏன்னா",
        "அதனால",
        "ஆனா",
        "கம்மி",
        "வெளிய",
        "அஞ்சு",
        "அங்க",
        "அப்புறம்",
        "ஆமா",
        "இங்க",
        "இடது",
        "இப்போ",
        "இருக்கு",
        "இல்ல",
        "இல்லையா?",
        "உக்காருங்க",
        "உனக்கு",
        "உப்பு",
        "உள்ள",
        "எங்க?",
        "எடுங்க",
        "எனக்கு",
        "என்ன?",
        "ஒன்னு",
        "ஒன்னு மட்டும்",
        "காரம்",
        "குடுங்க",
        "கொஞ்சம்",
        "சரி",
        "சாப்டீங்களா?",
        "சாப்பிடுங்க",
        "சூப்பர்",
        "செம்ம",
        "சொல்லுங்க",
        "டயர்ட்",
        "தாகம்",
        "தெரியாது",
        "தெரியும்",
        "நல்லா இருக்கு",
        "நாளைக்கு",
        "நிறுத்துங்க",
        "நிறைய",
        "நீ",
        "நீங்க",
        "நேரம் ஆச்சு",
        "நேரா",
        "பசி",
        "பரவாயில்லை",
        "போதும்",
        "போயிட்டு வரேன்",
        "போறேன்",
        "மூணு",
        "ரெண்டு",
        "வணக்கம்",
        "வயிறு ஃபுல்",
        "வரேன்",
        "வலது",
        "வாருங்களா?",
        "வேணும்",
        "வேண்டாம்",
        "வேற என்ன?",
        "குடிச்சேன்",
        "சாப்பிட்டேன்",
        "தூங்கினேன்",
        "அதுக்கு அப்புறம்",
        "நேத்து",
        "எழுந்தேன்",
        "அண்ணா",
        "அக்கா"
    ],
    "sessions": [
        {
            "date": "2026-02-17",
            "energy": "HIGH",
            "struggled": [],
            "comfortable": [
                "வணக்கம்",
                "ஆமா",
                "இல்ல",
                "சரி",
                "நீங்க",
                "இங்க",
                "அங்க",
                "எங்க",
                "இருக்கு",
                "நல்லா இருக்கு",
                "போதும்",
                "பசி",
                "வயிறு ஃபுல்"
            ],
            "zinger": null,
            "notes": "Learner confirmed mastery of Level 1 and 2 content. Moving to Urban Survival.",
            "tier": 1,
            "mission": 1
        },
        {
            "date": "2026-02-18",
            "energy": "MEDIUM",
            "struggled": [
                "நிறுத்துங்க"
            ],
            "comfortable": [
                "நேரா",
                "இடது",
                "வலது"
            ],
            "zinger": "நிறுத்துங்க",
            "notes": "Nailed directions, but 'Niruthunga' needs more muscle memory.",
            "source": "mobile",
            "tier": 1,
            "mission": 1
        },
        {
            "date": "2026-02-18",
            "energy": "MEDIUM",
            "struggled": [
                "அஞ்சு",
                "பத்து",
                "நூறு",
                "கம்மி",
                "வெளிய",
                "மேல",
                "கீழ",
                "கிட்ட"
            ],
            "comfortable": [
                "உள்ள",
                "ஒன்னு",
                "ரெண்டு",
                "மூணு"
            ],
            "zinger": "உள்ள",
            "notes": "Inside is mastered; struggling with other spatial relations and larger numbers (5, 10, 100).",
            "source": "mobile",
            "tier": 1,
            "mission": 4
        },
        {
            "date": "2026-02-19",
            "energy": "MEDIUM",
            "struggled": [],
            "comfortable": [
                "நிறுத்துங்க"
            ],
            "zinger": "Gate கிட்ட நிறுத்துங்க",
            "notes": "Mastered 'Niruthunga'. Moved to comfortable list.",
            "source": "cli",
            "tier": 1,
            "mission": 5
        },
        {
            "date": "2026-02-20",
            "energy": "MEDIUM",
            "struggled": [
                "முன்னாடி",
                "முதல்ல",
                "இன்னைக்கு"
            ],
            "comfortable": [
                "அதுக்கு அப்புறம்",
                "நேத்து"
            ],
            "zinger": "முதல்ல நான் சொல்றேன்",
            "notes": "Good progress on Adhukku apuram/Nethu. Struggling with sequence starts (Mudhalla/Munnadi). Innaikku is medium.",
            "source": "cli",
            "tier": 2,
            "mission": 3
        },
        {
            "date": "2026-02-23",
            "energy": "MEDIUM",
            "struggled": [
                "முன்னாடி",
                "முதல்ல",
                "இன்னைக்கு",
                "கிட்ட",
                "கீழ",
                "மேல",
                "எழுந்தேன்",
                "பார்த்தேன்",
                "நூறு",
                "பத்து"
            ],
            "comfortable": [
                "ஏன்னா",
                "அதனால",
                "ஆனா"
            ],
            "zinger": "அதான் வந்துட்டேன் ல?",
            "notes": "User requested double length episode. Mastered logic connectors.",
            "tier": 2,
            "mission": 5
        },
        {
            "date": "2026-02-24",
            "energy": "HIGH",
            "struggled": [
                "கிட்ட",
                "கீழ",
                "மேல",
                "முன்னாடி",
                "முதல்ல",
                "இன்னைக்கு",
                "பத்து",
                "நூறு"
            ],
            "comfortable": [],
            "zinger": "கொஞ்சம் முன்னாடி போலாம்",
            "notes": "Generated Mission 6: The Coordinate Drill. Focused on fixing spatial/temporal confusion.",
            "tier": 2,
            "mission": 6
        },
        {
            "date": "2026-02-24",
            "energy": "MEDIUM",
            "struggled": [
                "முன்னாடி",
                "இன்னைக்கு",
                "பார்த்தேன்"
            ],
            "comfortable": [
                "சாப்பிட்டேன்",
                "பசி",
                "நேரம் ஆச்சு"
            ],
            "zinger": "இப்போ தான் சாப்பிட்டேன்",
            "notes": "Generated Mission 7: The Saaptiya Loop. Deep-Dive style on food culture and Safe Answers.",
            "tier": 2,
            "mission": 7
        },
        {
            "date": "2026-02-25",
            "energy": "MEDIUM",
            "struggled": [
                "தம்பி",
                "தங்கச்சி",
                "மாமா",
                "அத்தை"
            ],
            "comfortable": [
                "அண்ணா",
                "அக்கா"
            ],
            "zinger": "அண்ணா, எப்படி இருக்கீங்க?",
            "notes": "Mission 8 feedback. Learner has Anna/Akka locked in due to family immersion. Thambi, Thangachi, Mama, Athai staying in practice.",
            "tier": 2,
            "mission": 8
        }
    ]
}