{
    "learner": "Andrew",
    "current_tier": 2,
    "active_mission": {
        "tier": 2,
        "topic": "The Pattern Engine: Verb Tenses (Say & Ask)",
        "target_vocab": [
            {
                "tamil": "சொன்னேன்",
                "english": "I said"
            },
            {
                "tamil": "சொல்றேன்",
                "english": "I'm saying"
            },
            {
                "tamil": "சொல்லுவேன்",
                "english": "I will say"
            },
            {
                "tamil": "கேட்டேன்",
                "english": "I asked"
            },
            {
                "tamil": "கேக்குறேன்",
                "english": "I'm asking"
            },
            {
                "tamil": "கேட்பேன்",
                "english": "I will ask"
            }
        ]
    },
    "tier_progress": {
        "tier1": {
            "target": 69,
            "mastered": 6,
            "label": "Survival"
        },
        "tier2": {
            "target": 153,
            "mastered": 1,
            "label": "Comfort"
        },
        "tier3": {
            "target": 181,
            "mastered": 0,
            "label": "Embedded"
        }
    },
    "total_sessions": 11,
    "streak": {
        "current": 0,
        "best": 7,
        "last_date": "2026-02-28"
    },
    "struggled_words": [
        "இன்னைக்கு",
        "கிட்ட",
        "கீழ",
        "பார்த்தேன்",
        "முதல்ல",
        "முன்னாடி",
        "மேல"
    ],
    "mastered_words": [
        "அத்தை",
        "மாமா",
        "தம்பி",
        "தங்கச்சி",
        "நூறு",
        "பத்து",
        "எழுந்தேன்"
    ],
    "comfortable_words": [
        "அக்கா",
        "அங்க",
        "அஞ்சு",
        "அண்ணா",
        "அதனால",
        "அதுக்கு அப்புறம்",
        "அப்புறம்",
        "ஆனா",
        "ஆமா",
        "இங்க",
        "இடது",
        "இப்போ",
        "இருக்கு",
        "இல்ல",
        "இல்லையா?",
        "உக்காருங்க",
        "உனக்கு",
        "உப்பு",
        "உள்ள",
        "எங்க",
        "எங்க?",
        "எடுங்க",
        "எனக்கு",
        "என்ன?",
        "எழுந்தேன்",
        "ஏன்னா",
        "ஒன்னு",
        "ஒன்னு மட்டும்",
        "கம்மி",
        "காரம்",
        "குடிச்சேன்",
        "குடுங்க",
        "கொஞ்சம்",
        "சரி",
        "சாப்டீங்களா?",
        "சாப்பிடுங்க",
        "சாப்பிட்டேன்",
        "சூப்பர்",
        "செம்ம",
        "சொல்லுங்க",
        "டயர்ட்",
        "தாகம்",
        "தூங்கினேன்",
        "தெரியாது",
        "தெரியும்",
        "நல்லா இருக்கு",
        "நாளைக்கு",
        "நிறுத்துங்க",
        "நிறைய",
        "நீ",
        "நீங்க",
        "நேத்து",
        "நேரம் ஆச்சு",
        "நேரா",
        "பசி",
        "பரவாயில்லை",
        "போதும்",
        "போயிட்டு வரேன்",
        "போறேன்",
        "மூணு",
        "ரெண்டு",
        "வணக்கம்",
        "வயிறு ஃபுல்",
        "வரேன்",
        "வலது",
        "வாருங்களா?",
        "வெளிய",
        "வேணும்",
        "வேண்டாம்",
        "வேற என்ன?",
        "அவங்க",
        "அவன்",
        "அவ",
        "அது",
        "நம்ம",
        "நாங்க",
        "சொன்னாங்க"
    ],
    "sessions": [
        {
            "date": "2026-02-25",
            "energy": "MEDIUM",
            "struggled": [
                "தம்பி",
                "தங்கச்சி",
                "மாமா",
                "அத்தை"
            ],
            "comfortable": [
                "அண்ணா",
                "அக்கா"
            ],
            "zinger": "அண்ணா, எப்படி இருக்கீங்க?",
            "notes": "Mission 8. Family immersion.",
            "tier": 2,
            "mission": 8
        },
        {
            "date": "2026-02-25",
            "tier": 2,
            "mission": 9,
            "energy": "MEDIUM",
            "struggled": [],
            "comfortable": [
                "அவங்க",
                "அவன்",
                "அவ",
                "அது",
                "நம்ம",
                "நாங்க"
            ],
            "zinger": "நம்ம",
            "notes": "Pronoun Toggles mission."
        },
        {
            "date": "2026-02-25",
            "tier": 2,
            "mission": 10,
            "energy": "LOW",
            "struggled": [],
            "comfortable": [],
            "zinger": "வயிறு ஃபுல், போதும்!",
            "notes": "The Big Review. Massive vocab coverage."
        },
        {
            "date": "2026-02-26",
            "tier": 2,
            "mission": 11,
            "energy": "MEDIUM",
            "struggled": [],
            "comfortable": [
                "சொன்னாங்க"
            ],
            "zinger": "அப்படீங்களா?",
            "notes": "Reported Speech intro."
        }
    ]
}