{
    "learner": "Andrew",
    "current_tier": 2,
    "active_mission": {
        "tier": 2,
        "topic": "The Pattern Engine: Verb Tenses (Say & Ask)",
        "target_vocab": [
            {
                "tamil": "சொன்னேன்",
                "english": "I said"
            },
            {
                "tamil": "சொல்றேன்",
                "english": "I'm saying"
            },
            {
                "tamil": "சொல்லுவேன்",
                "english": "I will say"
            },
            {
                "tamil": "கேட்டேன்",
                "english": "I asked"
            },
            {
                "tamil": "கேக்குறேன்",
                "english": "I'm asking"
            },
            {
                "tamil": "கேட்பேன்",
                "english": "I will ask"
            }
        ]
    },
    "tier_progress": {
        "tier1": {
            "target": 69,
            "mastered": 42,
            "label": "Survival"
        },
        "tier2": {
            "target": 153,
            "mastered": 22,
            "label": "Comfort"
        },
        "tier3": {
            "target": 181,
            "mastered": 0,
            "label": "Embedded"
        }
    },
    "total_sessions": 11,
    "streak": {
        "current": 0,
        "best": 7,
        "last_date": "2026-02-28"
    },
    "struggled_words": [
        "இன்னைக்கு",
        "கிட்ட",
        "கீழ",
        "பார்த்தேன்",
        "முதல்ல",
        "முன்னாடி",
        "மேல"
    ],
    "mastered_words": [
        "வலது",
        "சொன்னாங்க",
        "நேரா",
        "நாளைக்கு",
        "ஆனா",
        "அவன்",
        "இருக்கு",
        "உனக்கு",
        "அஞ்சு",
        "வேண்டாம்",
        "சொல்லுங்க",
        "அது",
        "ஒன்னு",
        "பத்து",
        "இல்ல",
        "மாமா",
        "ரெண்டு",
        "அதனால",
        "நேத்து",
        "அக்கா",
        "வயிறு ஃபுல்",
        "காரம்",
        "நம்ம",
        "நல்லா இருக்கு",
        "எங்க",
        "என்ன?",
        "போயிட்டு வரேன்",
        "வணக்கம்",
        "சூப்பர்",
        "கொஞ்சம்",
        "போதும்",
        "தெரியும்",
        "தங்கச்சி",
        "தூங்கினேன்",
        "அவங்க",
        "நீங்க",
        "அத்தை",
        "நிறுத்துங்க",
        "வாருங்களா?",
        "சரி",
        "வேணும்",
        "வரேன்",
        "மூணு",
        "நாங்க",
        "போறேன்",
        "டயர்ட்",
        "இடது",
        "அதுக்கு அப்புறம்",
        "அண்ணா",
        "பசி",
        "தம்பி",
        "செம்ம",
        "சாப்பிட்டேன்",
        "நீ",
        "தெரியாது",
        "ஆமா",
        "அவ",
        "ஏன்னா",
        "வேற என்ன?",
        "எழுந்தேன்",
        "சாப்டீங்களா?",
        "உப்பு",
        "எனக்கு",
        "நூறு",
        "குடிச்சேன்"
    ],
    "comfortable_words": [
        "அங்க",
        "அப்புறம்",
        "இங்க",
        "இப்போ",
        "இல்லையா?",
        "உக்காருங்க",
        "உள்ள",
        "எங்க?",
        "எடுங்க",
        "ஒன்னு மட்டும்",
        "கம்மி",
        "குடுங்க",
        "சாப்பிடுங்க",
        "தாகம்",
        "நிறைய",
        "நேரம் ஆச்சு",
        "பரவாயில்லை",
        "வெளிய"
    ],
    "sessions": [
        {
            "date": "2026-02-25",
            "energy": "MEDIUM",
            "struggled": [
                "தம்பி",
                "தங்கச்சி",
                "மாமா",
                "அத்தை"
            ],
            "comfortable": [
                "அண்ணா",
                "அக்கா"
            ],
            "zinger": "அண்ணா, எப்படி இருக்கீங்க?",
            "notes": "Mission 8. Family immersion.",
            "tier": 2,
            "mission": 8
        },
        {
            "date": "2026-02-25",
            "tier": 2,
            "mission": 9,
            "energy": "MEDIUM",
            "struggled": [],
            "comfortable": [
                "அவங்க",
                "அவன்",
                "அவ",
                "அது",
                "நம்ம",
                "நாங்க"
            ],
            "zinger": "நம்ம",
            "notes": "Pronoun Toggles mission."
        },
        {
            "date": "2026-02-25",
            "tier": 2,
            "mission": 10,
            "energy": "LOW",
            "struggled": [],
            "comfortable": [],
            "zinger": "வயிறு ஃபுல், போதும்!",
            "notes": "The Big Review. Massive vocab coverage."
        },
        {
            "date": "2026-02-26",
            "tier": 2,
            "mission": 11,
            "energy": "MEDIUM",
            "struggled": [],
            "comfortable": [
                "சொன்னாங்க"
            ],
            "zinger": "அப்படீங்களா?",
            "notes": "Reported Speech intro."
        }
    ]
}