{
    "learner": "Andrew",
    "current_level": 3,
    "current_episode": 5,
    "tier_progress": {
        "tier1": {
            "target": 69,
            "mastered": 52,
            "label": "Survival"
        },
        "tier2": {
            "target": 46,
            "mastered": 0,
            "label": "Comfortable"
        },
        "tier3": {
            "target": 58,
            "mastered": 0,
            "label": "Embedded"
        }
    },
    "total_sessions": 4,
    "streak": {
        "current": 3,
        "best": 3,
        "last_date": "2026-02-19"
    },
    "struggled_words": [
        "அஞ்சு",
        "பத்து",
        "நூறு",
        "கம்மி",
        "வெளிய",
        "மேல",
        "கீழ",
        "கிட்ட"
    ],
    "comfortable_words": [
        "வணக்கம்",
        "ஆமா",
        "இல்ல",
        "சரி",
        "நீங்க",
        "நீ",
        "இங்க",
        "அங்க",
        "எங்க?",
        "இருக்கு",
        "இல்லையா?",
        "என்ன?",
        "தெரியும்",
        "தெரியாது",
        "வரேன்",
        "போறேன்",
        "வேணும்",
        "வேண்டாம்",
        "குடுங்க",
        "எடுங்க",
        "சொல்லுங்க",
        "வாருங்களா?",
        "சாப்டீங்களா?",
        "உக்காருங்க",
        "நல்லா இருக்கு",
        "சூப்பர்",
        "செம்ம",
        "காரம்",
        "உப்பு",
        "அப்புறம்",
        "இப்போ",
        "நாளைக்கு",
        "நேரம் ஆச்சு",
        "கொஞ்சம்",
        "நிறைய",
        "ஒன்னு மட்டும்",
        "போதும்",
        "பசி",
        "வயிறு ஃபுல்",
        "தாகம்",
        "டயர்ட்",
        "எனக்கு",
        "உனக்கு",
        "பரவாயில்லை",
        "சாப்பிடுங்க",
        "வேற என்ன?",
        "போயிட்டு வரேன்",
        "நேரா",
        "இடது",
        "வலது",
        "ஒன்னு",
        "ரெண்டு",
        "மூணு",
        "உள்ள",
        "நிறுத்துங்க"
    ],
    "sessions": [
        {
            "date": "2026-02-17",
            "level": 3,
            "episode": 1,
            "energy": "HIGH",
            "struggled": [],
            "comfortable": [
                "வணக்கம்",
                "ஆமா",
                "இல்ல",
                "சரி",
                "நீங்க",
                "இங்க",
                "அங்க",
                "எங்க",
                "இருக்கு",
                "நல்லா இருக்கு",
                "போதும்",
                "பசி",
                "வயிறு ஃபுல்"
            ],
            "zinger": null,
            "notes": "Learner confirmed mastery of Level 1 and 2 content. Moving to Urban Survival."
        },
        {
            "date": "2026-02-18",
            "level": 3,
            "episode": 1,
            "energy": "MEDIUM",
            "struggled": [
                "நிறுத்துங்க"
            ],
            "comfortable": [
                "நேரா",
                "இடது",
                "வலது"
            ],
            "zinger": "நிறுத்துங்க",
            "notes": "Nailed directions, but 'Niruthunga' needs more muscle memory.",
            "source": "mobile"
        },
        {
            "date": "2026-02-18",
            "level": 3,
            "episode": 4,
            "energy": "MEDIUM",
            "struggled": [
                "அஞ்சு",
                "பத்து",
                "நூறு",
                "கம்மி",
                "வெளிய",
                "மேல",
                "கீழ",
                "கிட்ட"
            ],
            "comfortable": [
                "உள்ள",
                "ஒன்னு",
                "ரெண்டு",
                "மூணு"
            ],
            "zinger": "உள்ள",
            "notes": "Inside is mastered; struggling with other spatial relations and larger numbers (5, 10, 100).",
            "source": "mobile"
        },
        {
            "date": "2026-02-19",
            "level": 3,
            "episode": 5,
            "energy": "MEDIUM",
            "struggled": [],
            "comfortable": [
                "நிறுத்துங்க"
            ],
            "zinger": "Gate கிட்ட நிறுத்துங்க",
            "notes": "Mastered 'Niruthunga'. Moved to comfortable list.",
            "source": "cli"
        }
    ]
}