{
    "learner": "Andrew",
    "current_tier": 2,
    "active_mission": {
        "tier": 2,
        "topic": "Pronoun Toggles: Respect and Reference",
        "target_vocab": [
            {
                "tamil": "அவங்க",
                "english": "They / He-She (respectful)"
            },
            {
                "tamil": "அவன்",
                "english": "He (informal)"
            },
            {
                "tamil": "அவ",
                "english": "She (informal)"
            },
            {
                "tamil": "அது",
                "english": "It / That"
            },
            {
                "tamil": "நம்ம",
                "english": "Our (inclusive)"
            },
            {
                "tamil": "நாங்க",
                "english": "We (exclusive)"
            }
        ]
    },
    "tier_progress": {
        "tier1": {
            "target": 69,
            "mastered": 0,
            "label": "Survival"
        },
        "tier2": {
            "target": 153,
            "mastered": 0,
            "label": "Comfort"
        },
        "tier3": {
            "target": 181,
            "mastered": 0,
            "label": "Embedded"
        }
    },
    "total_sessions": 8,
    "streak": {
        "current": 5,
        "best": 5,
        "last_date": "2026-02-24"
    },
    "struggled_words": [
        "அத்தை",
        "இன்னைக்கு",
        "எழுந்தேன்",
        "கிட்ட",
        "கீழ",
        "தங்கச்சி",
        "தம்பி",
        "நூறு",
        "பத்து",
        "பார்த்தேன்",
        "மாமா",
        "முதல்ல",
        "முன்னாடி",
        "மேல"
    ],
    "mastered_words": [],
    "comfortable_words": [
        "அக்கா",
        "அங்க",
        "அஞ்சு",
        "அண்ணா",
        "அதனால",
        "அதுக்கு அப்புறம்",
        "அப்புறம்",
        "ஆனா",
        "ஆமா",
        "இங்க",
        "இடது",
        "இப்போ",
        "இருக்கு",
        "இல்ல",
        "இல்லையா?",
        "உக்காருங்க",
        "உனக்கு",
        "உப்பு",
        "உள்ள",
        "எங்க",
        "எங்க?",
        "எடுங்க",
        "எனக்கு",
        "என்ன?",
        "எழுந்தேன்",
        "ஏன்னா",
        "ஒன்னு",
        "ஒன்னு மட்டும்",
        "கம்மி",
        "காரம்",
        "குடிச்சேன்",
        "குடுங்க",
        "கொஞ்சம்",
        "சரி",
        "சாப்டீங்களா?",
        "சாப்பிடுங்க",
        "சாப்பிட்டேன்",
        "சூப்பர்",
        "செம்ம",
        "சொல்லுங்க",
        "டயர்ட்",
        "தாகம்",
        "தூங்கினேன்",
        "தெரியாது",
        "தெரியும்",
        "நல்லா இருக்கு",
        "நாளைக்கு",
        "நிறுத்துங்க",
        "நிறைய",
        "நீ",
        "நீங்க",
        "நேத்து",
        "நேரம் ஆச்சு",
        "நேரா",
        "பசி",
        "பரவாயில்லை",
        "போதும்",
        "போயிட்டு வரேன்",
        "போறேன்",
        "மூணு",
        "ரெண்டு",
        "வணக்கம்",
        "வயிறு ஃபுல்",
        "வரேன்",
        "வலது",
        "வாருங்களா?",
        "வெளிய",
        "வேணும்",
        "வேண்டாம்",
        "வேற என்ன?"
    ],
    "sessions": [
        {
            "date": "2026-02-25",
            "energy": "MEDIUM",
            "struggled": [
                "தம்பி",
                "தங்கச்சி",
                "மாமா",
                "அத்தை"
            ],
            "comfortable": [
                "அண்ணா",
                "அக்கா"
            ],
            "zinger": "அண்ணா, எப்படி இருக்கீங்க?",
            "notes": "Mission 8 feedback. Learner has Anna/Akka locked in due to family immersion. Thambi, Thangachi, Mama, Athai staying in practice.",
            "tier": 2,
            "mission": 8
        }
    ]
}