{
    "learner": "Andrew",
    "current_level": 3,
    "current_episode": 5,
    "tier_progress": {
        "tier1": {
            "target": 69,
            "mastered": 52,
            "label": "Survival"
        },
        "tier2": {
            "target": 145,
            "mastered": 0,
            "label": "Comfortable"
        },
        "tier3": {
            "target": 185,
            "mastered": 0,
            "label": "Embedded"
        }
    },
    "total_sessions": 4,
    "streak": {
        "current": 3,
        "best": 3,
        "last_date": "2026-02-19"
    },
    "struggled_words": [
        "அஞ்சு",
        "கம்மி",
        "கிட்ட",
        "கீழ",
        "நூறு",
        "பத்து",
        "மேல",
        "வெளிய"
    ],
    "mastered_words": [],
    "comfortable_words": [
        "அங்க",
        "அப்புறம்",
        "ஆமா",
        "இங்க",
        "இடது",
        "இப்போ",
        "இருக்கு",
        "இல்ல",
        "இல்லையா?",
        "உக்காருங்க",
        "உனக்கு",
        "உப்பு",
        "உள்ள",
        "எங்க?",
        "எடுங்க",
        "எனக்கு",
        "என்ன?",
        "ஒன்னு",
        "ஒன்னு மட்டும்",
        "காரம்",
        "குடுங்க",
        "கொஞ்சம்",
        "சரி",
        "சாப்டீங்களா?",
        "சாப்பிடுங்க",
        "சூப்பர்",
        "செம்ம",
        "சொல்லுங்க",
        "டயர்ட்",
        "தாகம்",
        "தெரியாது",
        "தெரியும்",
        "நல்லா இருக்கு",
        "நாளைக்கு",
        "நிறுத்துங்க",
        "நிறைய",
        "நீ",
        "நீங்க",
        "நேரம் ஆச்சு",
        "நேரா",
        "பசி",
        "பரவாயில்லை",
        "போதும்",
        "போயிட்டு வரேன்",
        "போறேன்",
        "மூணு",
        "ரெண்டு",
        "வணக்கம்",
        "வயிறு ஃபுல்",
        "வரேன்",
        "வலது",
        "வாருங்களா?",
        "வேணும்",
        "வேண்டாம்",
        "வேற என்ன?"
    ],
    "sessions": [
        {
            "date": "2026-02-17",
            "level": 3,
            "episode": 1,
            "energy": "HIGH",
            "struggled": [],
            "comfortable": [
                "வணக்கம்",
                "ஆமா",
                "இல்ல",
                "சரி",
                "நீங்க",
                "இங்க",
                "அங்க",
                "எங்க",
                "இருக்கு",
                "நல்லா இருக்கு",
                "போதும்",
                "பசி",
                "வயிறு ஃபுல்"
            ],
            "zinger": null,
            "notes": "Learner confirmed mastery of Level 1 and 2 content. Moving to Urban Survival."
        },
        {
            "date": "2026-02-18",
            "level": 3,
            "episode": 1,
            "energy": "MEDIUM",
            "struggled": [
                "நிறுத்துங்க"
            ],
            "comfortable": [
                "நேரா",
                "இடது",
                "வலது"
            ],
            "zinger": "நிறுத்துங்க",
            "notes": "Nailed directions, but 'Niruthunga' needs more muscle memory.",
            "source": "mobile"
        },
        {
            "date": "2026-02-18",
            "level": 3,
            "episode": 4,
            "energy": "MEDIUM",
            "struggled": [
                "அஞ்சு",
                "பத்து",
                "நூறு",
                "கம்மி",
                "வெளிய",
                "மேல",
                "கீழ",
                "கிட்ட"
            ],
            "comfortable": [
                "உள்ள",
                "ஒன்னு",
                "ரெண்டு",
                "மூணு"
            ],
            "zinger": "உள்ள",
            "notes": "Inside is mastered; struggling with other spatial relations and larger numbers (5, 10, 100).",
            "source": "mobile"
        },
        {
            "date": "2026-02-19",
            "level": 3,
            "episode": 5,
            "energy": "MEDIUM",
            "struggled": [],
            "comfortable": [
                "நிறுத்துங்க"
            ],
            "zinger": "Gate கிட்ட நிறுத்துங்க",
            "notes": "Mastered 'Niruthunga'. Moved to comfortable list.",
            "source": "cli"
        }
    ]
}