{
  "metadata": {
    "total_unique_lemmas": 173,
    "tier_breakdown": {
      "tier1_survival": {
        "count": 69,
        "levels": "1-3"
      },
      "tier2_comfortable": {
        "count": 46,
        "levels": "4-5"
      },
      "tier3_embedded": {
        "count": 58,
        "levels": "6-8"
      }
    },
    "last_built": "2026-02-17T15:17:26.221111"
  },
  "words": [
    {
      "tamil": "வணக்கம்",
      "english": "Hello",
      "level": 1,
      "episode": 1,
      "tier": 1,
      "category": "the_social_scaffold",
      "mastery_score": 0,
      "times_reviewed": 0,
      "last_reviewed": null
    },
    {
      "tamil": "ஆமா",
      "english": "Yes",
      "level": 1,
      "episode": 1,
      "tier": 1,
      "category": "the_social_scaffold",
      "mastery_score": 0,
      "times_reviewed": 0,
      "last_reviewed": null
    },
    {
      "tamil": "இல்ல",
      "english": "No",
      "level": 1,
      "episode": 1,
      "tier": 1,
      "category": "the_social_scaffold",
      "mastery_score": 0,
      "times_reviewed": 0,
      "last_reviewed": null
    },
    {
      "tamil": "சரி",
      "english": "Okay",
      "level": 1,
      "episode": 1,
      "tier": 1,
      "category": "the_social_scaffold",
      "mastery_score": 0,
      "times_reviewed": 0,
      "last_reviewed": null
    },
    {
      "tamil": "நீங்க",
      "english": "You (respectful)",
      "level": 1,
      "episode": 2,
      "tier": 1,
      "category": "the_social_scaffold",
      "mastery_score": 0,
      "times_reviewed": 0,
      "last_reviewed": null
    },
    {
      "tamil": "நீ",
      "english": "You (informal)",
      "level": 1,
      "episode": 2,
      "tier": 1,
      "category": "the_social_scaffold",
      "mastery_score": 0,
      "times_reviewed": 0,
      "last_reviewed": null
    },
    {
      "tamil": "இங்க",
      "english": "Here",
      "level": 1,
      "episode": 2,
      "tier": 1,
      "category": "the_social_scaffold",
      "mastery_score": 0,
      "times_reviewed": 0,
      "last_reviewed": null
    },
    {
      "tamil": "அங்க",
      "english": "There",
      "level": 1,
      "episode": 2,
      "tier": 1,
      "category": "the_social_scaffold",
      "mastery_score": 0,
      "times_reviewed": 0,
      "last_reviewed": null
    },
    {
      "tamil": "எங்க?",
      "english": "Where?",
      "level": 1,
      "episode": 3,
      "tier": 1,
      "category": "the_social_scaffold",
      "mastery_score": 0,
      "times_reviewed": 0,
      "last_reviewed": null
    },
    {
      "tamil": "இருக்கு",
      "english": "It is / It exists",
      "level": 1,
      "episode": 3,
      "tier": 1,
      "category": "the_social_scaffold",
      "mastery_score": 0,
      "times_reviewed": 0,
      "last_reviewed": null
    },
    {
      "tamil": "இல்லையா?",
      "english": "Isn't it?",
      "level": 1,
      "episode": 3,
      "tier": 1,
      "category": "the_social_scaffold",
      "mastery_score": 0,
      "times_reviewed": 0,
      "last_reviewed": null
    },
    {
      "tamil": "என்ன?",
      "english": "What?",
      "level": 1,
      "episode": 3,
      "tier": 1,
      "category": "the_social_scaffold",
      "mastery_score": 0,
      "times_reviewed": 0,
      "last_reviewed": null
    },
    {
      "tamil": "தெரியும்",
      "english": "I know",
      "level": 1,
      "episode": 3,
      "tier": 1,
      "category": "the_social_scaffold",
      "mastery_score": 0,
      "times_reviewed": 0,
      "last_reviewed": null
    },
    {
      "tamil": "தெரியாது",
      "english": "I don't know",
      "level": 1,
      "episode": 3,
      "tier": 1,
      "category": "the_social_scaffold",
      "mastery_score": 0,
      "times_reviewed": 0,
      "last_reviewed": null
    },
    {
      "tamil": "வரேன்",
      "english": "I come / I'm coming",
      "level": 1,
      "episode": 4,
      "tier": 1,
      "category": "the_social_scaffold",
      "mastery_score": 0,
      "times_reviewed": 0,
      "last_reviewed": null
    },
    {
      "tamil": "போறேன்",
      "english": "I go / I'm going",
      "level": 1,
      "episode": 4,
      "tier": 1,
      "category": "the_social_scaffold",
      "mastery_score": 0,
      "times_reviewed": 0,
      "last_reviewed": null
    },
    {
      "tamil": "வேணும்",
      "english": "I want / I need",
      "level": 1,
      "episode": 4,
      "tier": 1,
      "category": "the_social_scaffold",
      "mastery_score": 0,
      "times_reviewed": 0,
      "last_reviewed": null
    },
    {
      "tamil": "வேண்டாம்",
      "english": "I don't want",
      "level": 1,
      "episode": 4,
      "tier": 1,
      "category": "the_social_scaffold",
      "mastery_score": 0,
      "times_reviewed": 0,
      "last_reviewed": null
    },
    {
      "tamil": "குடுங்க",
      "english": "Give (respectful)",
      "level": 1,
      "episode": 4,
      "tier": 1,
      "category": "the_social_scaffold",
      "mastery_score": 0,
      "times_reviewed": 0,
      "last_reviewed": null
    },
    {
      "tamil": "எடுங்க",
      "english": "Take (respectful)",
      "level": 1,
      "episode": 4,
      "tier": 1,
      "category": "the_social_scaffold",
      "mastery_score": 0,
      "times_reviewed": 0,
      "last_reviewed": null
    },
    {
      "tamil": "சொல்லுங்க",
      "english": "Tell/Say (respectful)",
      "level": 1,
      "episode": 7,
      "tier": 1,
      "category": "the_social_scaffold",
      "mastery_score": 0,
      "times_reviewed": 0,
      "last_reviewed": null
    },
    {
      "tamil": "வாருங்களா?",
      "english": "Will you come?",
      "level": 1,
      "episode": 7,
      "tier": 1,
      "category": "the_social_scaffold",
      "mastery_score": 0,
      "times_reviewed": 0,
      "last_reviewed": null
    },
    {
      "tamil": "சாப்டீங்களா?",
      "english": "Did you eat?",
      "level": 1,
      "episode": 7,
      "tier": 1,
      "category": "the_social_scaffold",
      "mastery_score": 0,
      "times_reviewed": 0,
      "last_reviewed": null
    },
    {
      "tamil": "உக்காருங்க",
      "english": "Sit (respectful)",
      "level": 1,
      "episode": 7,
      "tier": 1,
      "category": "the_social_scaffold",
      "mastery_score": 0,
      "times_reviewed": 0,
      "last_reviewed": null
    },
    {
      "tamil": "நல்லா இருக்கு",
      "english": "It's good",
      "level": 2,
      "episode": 1,
      "tier": 1,
      "category": "domestic_defense",
      "mastery_score": 0,
      "times_reviewed": 0,
      "last_reviewed": null
    },
    {
      "tamil": "சூப்பர்",
      "english": "Super",
      "level": 2,
      "episode": 1,
      "tier": 1,
      "category": "domestic_defense",
      "mastery_score": 0,
      "times_reviewed": 0,
      "last_reviewed": null
    },
    {
      "tamil": "செம்ம",
      "english": "Awesome / Extreme",
      "level": 2,
      "episode": 1,
      "tier": 1,
      "category": "domestic_defense",
      "mastery_score": 0,
      "times_reviewed": 0,
      "last_reviewed": null
    },
    {
      "tamil": "காரம்",
      "english": "Spicy",
      "level": 2,
      "episode": 1,
      "tier": 1,
      "category": "domestic_defense",
      "mastery_score": 0,
      "times_reviewed": 0,
      "last_reviewed": null
    },
    {
      "tamil": "உப்பு",
      "english": "Salt / Salty",
      "level": 2,
      "episode": 1,
      "tier": 1,
      "category": "domestic_defense",
      "mastery_score": 0,
      "times_reviewed": 0,
      "last_reviewed": null
    },
    {
      "tamil": "அப்புறம்",
      "english": "Later / After that",
      "level": 2,
      "episode": 2,
      "tier": 1,
      "category": "domestic_defense",
      "mastery_score": 0,
      "times_reviewed": 0,
      "last_reviewed": null
    },
    {
      "tamil": "இப்போ",
      "english": "Now",
      "level": 2,
      "episode": 2,
      "tier": 1,
      "category": "domestic_defense",
      "mastery_score": 0,
      "times_reviewed": 0,
      "last_reviewed": null
    },
    {
      "tamil": "நாளைக்கு",
      "english": "Tomorrow",
      "level": 2,
      "episode": 2,
      "tier": 1,
      "category": "domestic_defense",
      "mastery_score": 0,
      "times_reviewed": 0,
      "last_reviewed": null
    },
    {
      "tamil": "நேரம் ஆச்சு",
      "english": "It's time / Time's up",
      "level": 2,
      "episode": 2,
      "tier": 1,
      "category": "domestic_defense",
      "mastery_score": 0,
      "times_reviewed": 0,
      "last_reviewed": null
    },
    {
      "tamil": "கொஞ்சம்",
      "english": "A little",
      "level": 2,
      "episode": 3,
      "tier": 1,
      "category": "domestic_defense",
      "mastery_score": 0,
      "times_reviewed": 0,
      "last_reviewed": null
    },
    {
      "tamil": "நிறைய",
      "english": "A lot",
      "level": 2,
      "episode": 3,
      "tier": 1,
      "category": "domestic_defense",
      "mastery_score": 0,
      "times_reviewed": 0,
      "last_reviewed": null
    },
    {
      "tamil": "ஒன்னு மட்டும்",
      "english": "Only one",
      "level": 2,
      "episode": 3,
      "tier": 1,
      "category": "domestic_defense",
      "mastery_score": 0,
      "times_reviewed": 0,
      "last_reviewed": null
    },
    {
      "tamil": "போதும்",
      "english": "Enough",
      "level": 2,
      "episode": 3,
      "tier": 1,
      "category": "domestic_defense",
      "mastery_score": 0,
      "times_reviewed": 0,
      "last_reviewed": null
    },
    {
      "tamil": "பசி",
      "english": "Hungry",
      "level": 2,
      "episode": 4,
      "tier": 1,
      "category": "domestic_defense",
      "mastery_score": 0,
      "times_reviewed": 0,
      "last_reviewed": null
    },
    {
      "tamil": "வயிறு ஃபுல்",
      "english": "Stomach full",
      "level": 2,
      "episode": 4,
      "tier": 1,
      "category": "domestic_defense",
      "mastery_score": 0,
      "times_reviewed": 0,
      "last_reviewed": null
    },
    {
      "tamil": "தாகம்",
      "english": "Thirsty",
      "level": 2,
      "episode": 4,
      "tier": 1,
      "category": "domestic_defense",
      "mastery_score": 0,
      "times_reviewed": 0,
      "last_reviewed": null
    },
    {
      "tamil": "டயர்ட்",
      "english": "Tired",
      "level": 2,
      "episode": 4,
      "tier": 1,
      "category": "domestic_defense",
      "mastery_score": 0,
      "times_reviewed": 0,
      "last_reviewed": null
    },
    {
      "tamil": "எனக்கு",
      "english": "To me / For me",
      "level": 2,
      "episode": 4,
      "tier": 1,
      "category": "domestic_defense",
      "mastery_score": 0,
      "times_reviewed": 0,
      "last_reviewed": null
    },
    {
      "tamil": "உனக்கு",
      "english": "To you / For you",
      "level": 2,
      "episode": 4,
      "tier": 1,
      "category": "domestic_defense",
      "mastery_score": 0,
      "times_reviewed": 0,
      "last_reviewed": null
    },
    {
      "tamil": "பரவாயில்லை",
      "english": "It's okay / No problem",
      "level": 2,
      "episode": 7,
      "tier": 1,
      "category": "domestic_defense",
      "mastery_score": 0,
      "times_reviewed": 0,
      "last_reviewed": null
    },
    {
      "tamil": "சாப்பிடுங்க",
      "english": "Please eat (respectful)",
      "level": 2,
      "episode": 7,
      "tier": 1,
      "category": "domestic_defense",
      "mastery_score": 0,
      "times_reviewed": 0,
      "last_reviewed": null
    },
    {
      "tamil": "வேற என்ன?",
      "english": "What else?",
      "level": 2,
      "episode": 7,
      "tier": 1,
      "category": "domestic_defense",
      "mastery_score": 0,
      "times_reviewed": 0,
      "last_reviewed": null
    },
    {
      "tamil": "போயிட்டு வரேன்",
      "english": "I'll go and come back (goodbye)",
      "level": 2,
      "episode": 7,
      "tier": 1,
      "category": "domestic_defense",
      "mastery_score": 0,
      "times_reviewed": 0,
      "last_reviewed": null
    },
    {
      "tamil": "வலது",
      "english": "Right",
      "level": 3,
      "episode": 1,
      "tier": 1,
      "category": "urban_survival",
      "mastery_score": 1,
      "times_reviewed": 1,
      "last_reviewed": "2026-02-18T09:34:12"
    },
    {
      "tamil": "இடது",
      "english": "Left",
      "level": 3,
      "episode": 1,
      "tier": 1,
      "category": "urban_survival",
      "mastery_score": 1,
      "times_reviewed": 1,
      "last_reviewed": "2026-02-18T09:34:12"
    },
    {
      "tamil": "நேரா",
      "english": "Straight",
      "level": 3,
      "episode": 1,
      "tier": 1,
      "category": "urban_survival",
      "mastery_score": 1,
      "times_reviewed": 1,
      "last_reviewed": "2026-02-18T09:34:12"
    },
    {
      "tamil": "நிறுத்துங்க",
      "english": "Stop (respectful)",
      "level": 3,
      "episode": 1,
      "tier": 1,
      "category": "urban_survival",
      "mastery_score": 0,
      "times_reviewed": 1,
      "last_reviewed": "2026-02-18T09:34:12"
    },
    {
      "tamil": "ஒன்னு",
      "english": "One",
      "level": 3,
      "episode": 2,
      "tier": 1,
      "category": "urban_survival",
      "mastery_score": 1,
      "times_reviewed": 1,
      "last_reviewed": "2026-02-18T10:15:00"
    },
    {
      "tamil": "ரெண்டு",
      "english": "Two",
      "level": 3,
      "episode": 2,
      "tier": 1,
      "category": "urban_survival",
      "mastery_score": 1,
      "times_reviewed": 1,
      "last_reviewed": "2026-02-18T10:15:00"
    },
    {
      "tamil": "மூணு",
      "english": "Three",
      "level": 3,
      "episode": 2,
      "tier": 1,
      "category": "urban_survival",
      "mastery_score": 1,
      "times_reviewed": 1,
      "last_reviewed": "2026-02-18T10:15:00"
    },
    {
      "tamil": "அஞ்சு",
      "english": "Five",
      "level": 3,
      "episode": 2,
      "tier": 1,
      "category": "urban_survival",
      "mastery_score": 0,
      "times_reviewed": 1,
      "last_reviewed": "2026-02-18T10:15:00"
    },
    {
      "tamil": "பத்து",
      "english": "Ten",
      "level": 3,
      "episode": 2,
      "tier": 1,
      "category": "urban_survival",
      "mastery_score": 0,
      "times_reviewed": 1,
      "last_reviewed": "2026-02-18T10:15:00"
    },
    {
      "tamil": "நூறு",
      "english": "Hundred",
      "level": 3,
      "episode": 2,
      "tier": 1,
      "category": "urban_survival",
      "mastery_score": 0,
      "times_reviewed": 1,
      "last_reviewed": "2026-02-18T10:15:00"
    },
    {
      "tamil": "எவ்வளவு?",
      "english": "How much?",
      "level": 3,
      "episode": 3,
      "tier": 1,
      "category": "urban_survival",
      "mastery_score": 0,
      "times_reviewed": 0,
      "last_reviewed": null
    },
    {
      "tamil": "காசு",
      "english": "Money",
      "level": 3,
      "episode": 3,
      "tier": 1,
      "category": "urban_survival",
      "mastery_score": 0,
      "times_reviewed": 0,
      "last_reviewed": null
    },
    {
      "tamil": "ஜாஸ்தி",
      "english": "Too much",
      "level": 3,
      "episode": 3,
      "tier": 1,
      "category": "urban_survival",
      "mastery_score": 0,
      "times_reviewed": 0,
      "last_reviewed": null
    },
    {
      "tamil": "கம்மி",
      "english": "Less",
      "level": 3,
      "episode": 3,
      "tier": 1,
      "category": "urban_survival",
      "mastery_score": 0,
      "times_reviewed": 1,
      "last_reviewed": "2026-02-18T10:15:00"
    },
    {
      "tamil": "கிட்ட",
      "english": "Near / With (person)",
      "level": 3,
      "episode": 4,
      "tier": 1,
      "category": "urban_survival",
      "mastery_score": 0,
      "times_reviewed": 1,
      "last_reviewed": "2026-02-18T10:15:00"
    },
    {
      "tamil": "மேல",
      "english": "On top / Above",
      "level": 3,
      "episode": 4,
      "tier": 1,
      "category": "urban_survival",
      "mastery_score": 0,
      "times_reviewed": 1,
      "last_reviewed": "2026-02-18T10:15:00"
    },
    {
      "tamil": "கீழ",
      "english": "Below / Under",
      "level": 3,
      "episode": 4,
      "tier": 1,
      "category": "urban_survival",
      "mastery_score": 0,
      "times_reviewed": 1,
      "last_reviewed": "2026-02-18T10:15:00"
    },
    {
      "tamil": "உள்ள",
      "english": "Inside",
      "level": 3,
      "episode": 4,
      "tier": 1,
      "category": "urban_survival",
      "mastery_score": 1,
      "times_reviewed": 1,
      "last_reviewed": "2026-02-18T10:15:00"
    },
    {
      "tamil": "வெளிய",
      "english": "Outside",
      "level": 3,
      "episode": 4,
      "tier": 1,
      "category": "urban_survival",
      "mastery_score": 0,
      "times_reviewed": 1,
      "last_reviewed": "2026-02-18T10:15:00"
    },
    {
      "tamil": "மீட்டர் போடுங்க",
      "english": "Use the meter (respectful)",
      "level": 3,
      "episode": 7,
      "tier": 1,
      "category": "urban_survival",
      "mastery_score": 0,
      "times_reviewed": 0,
      "last_reviewed": null
    },
    {
      "tamil": "போலாம்",
      "english": "Let's go",
      "level": 3,
      "episode": 7,
      "tier": 1,
      "category": "urban_survival",
      "mastery_score": 0,
      "times_reviewed": 0,
      "last_reviewed": null
    },
    {
      "tamil": "சில்லறை",
      "english": "Change (coins)",
      "level": 3,
      "episode": 7,
      "tier": 1,
      "category": "urban_survival",
      "mastery_score": 0,
      "times_reviewed": 0,
      "last_reviewed": null
    },
    {
      "tamil": "போனேன்",
      "english": "I went",
      "level": 4,
      "episode": 1,
      "tier": 2,
      "category": "the_debrief",
      "mastery_score": 0,
      "times_reviewed": 0,
      "last_reviewed": null
    },
    {
      "tamil": "வந்தேன்",
      "english": "I came",
      "level": 4,
      "episode": 1,
      "tier": 2,
      "category": "the_debrief",
      "mastery_score": 0,
      "times_reviewed": 0,
      "last_reviewed": null
    },
    {
      "tamil": "பண்ணினேன்",
      "english": "I did",
      "level": 4,
      "episode": 1,
      "tier": 2,
      "category": "the_debrief",
      "mastery_score": 0,
      "times_reviewed": 0,
      "last_reviewed": null
    },
    {
      "tamil": "கொடுத்தேன்",
      "english": "I gave",
      "level": 4,
      "episode": 1,
      "tier": 2,
      "category": "the_debrief",
      "mastery_score": 0,
      "times_reviewed": 0,
      "last_reviewed": null
    },
    {
      "tamil": "சாப்பிட்டேன்",
      "english": "I ate",
      "level": 4,
      "episode": 2,
      "tier": 2,
      "category": "the_debrief",
      "mastery_score": 0,
      "times_reviewed": 0,
      "last_reviewed": null
    },
    {
      "tamil": "குடிச்சேன்",
      "english": "I drank",
      "level": 4,
      "episode": 2,
      "tier": 2,
      "category": "the_debrief",
      "mastery_score": 0,
      "times_reviewed": 0,
      "last_reviewed": null
    },
    {
      "tamil": "பார்த்தேன்",
      "english": "I saw / I watched",
      "level": 4,
      "episode": 2,
      "tier": 2,
      "category": "the_debrief",
      "mastery_score": 0,
      "times_reviewed": 0,
      "last_reviewed": null
    },
    {
      "tamil": "தூங்கினேன்",
      "english": "I slept",
      "level": 4,
      "episode": 2,
      "tier": 2,
      "category": "the_debrief",
      "mastery_score": 0,
      "times_reviewed": 0,
      "last_reviewed": null
    },
    {
      "tamil": "எழுந்தேன்",
      "english": "I woke up",
      "level": 4,
      "episode": 2,
      "tier": 2,
      "category": "the_debrief",
      "mastery_score": 0,
      "times_reviewed": 0,
      "last_reviewed": null
    },
    {
      "tamil": "அதுக்கு அப்புறம்",
      "english": "After that",
      "level": 4,
      "episode": 3,
      "tier": 2,
      "category": "the_debrief",
      "mastery_score": 0,
      "times_reviewed": 0,
      "last_reviewed": null
    },
    {
      "tamil": "முன்னாடி",
      "english": "Before",
      "level": 4,
      "episode": 3,
      "tier": 2,
      "category": "the_debrief",
      "mastery_score": 0,
      "times_reviewed": 0,
      "last_reviewed": null
    },
    {
      "tamil": "நேத்து",
      "english": "Yesterday",
      "level": 4,
      "episode": 3,
      "tier": 2,
      "category": "the_debrief",
      "mastery_score": 0,
      "times_reviewed": 0,
      "last_reviewed": null
    },
    {
      "tamil": "இன்னைக்கு",
      "english": "Today",
      "level": 4,
      "episode": 3,
      "tier": 2,
      "category": "the_debrief",
      "mastery_score": 0,
      "times_reviewed": 0,
      "last_reviewed": null
    },
    {
      "tamil": "முதல்ல",
      "english": "First",
      "level": 4,
      "episode": 3,
      "tier": 2,
      "category": "the_debrief",
      "mastery_score": 0,
      "times_reviewed": 0,
      "last_reviewed": null
    },
    {
      "tamil": "ஏன்னா",
      "english": "Because",
      "level": 4,
      "episode": 4,
      "tier": 2,
      "category": "the_debrief",
      "mastery_score": 0,
      "times_reviewed": 0,
      "last_reviewed": null
    },
    {
      "tamil": "அதனால",
      "english": "Therefore",
      "level": 4,
      "episode": 4,
      "tier": 2,
      "category": "the_debrief",
      "mastery_score": 0,
      "times_reviewed": 0,
      "last_reviewed": null
    },
    {
      "tamil": "ஆனா",
      "english": "But",
      "level": 4,
      "episode": 4,
      "tier": 2,
      "category": "the_debrief",
      "mastery_score": 0,
      "times_reviewed": 0,
      "last_reviewed": null
    },
    {
      "tamil": "அதான்",
      "english": "That's why / Exactly",
      "level": 4,
      "episode": 4,
      "tier": 2,
      "category": "the_debrief",
      "mastery_score": 0,
      "times_reviewed": 0,
      "last_reviewed": null
    },
    {
      "tamil": "சாப்பிட்டீங்களா?",
      "english": "Did you eat? (respectful)",
      "level": 4,
      "episode": 7,
      "tier": 2,
      "category": "the_debrief",
      "mastery_score": 0,
      "times_reviewed": 0,
      "last_reviewed": null
    },
    {
      "tamil": "இன்னும் இல்ல",
      "english": "Not yet",
      "level": 4,
      "episode": 7,
      "tier": 2,
      "category": "the_debrief",
      "mastery_score": 0,
      "times_reviewed": 0,
      "last_reviewed": null
    },
    {
      "tamil": "இப்போ தான் சாப்பிட்டேன்",
      "english": "I just ate",
      "level": 4,
      "episode": 7,
      "tier": 2,
      "category": "the_debrief",
      "mastery_score": 0,
      "times_reviewed": 0,
      "last_reviewed": null
    },
    {
      "tamil": "அண்ணா",
      "english": "Elder brother",
      "level": 5,
      "episode": 1,
      "tier": 2,
      "category": "kinship_and_gossip",
      "mastery_score": 0,
      "times_reviewed": 0,
      "last_reviewed": null
    },
    {
      "tamil": "தம்பி",
      "english": "Younger brother",
      "level": 5,
      "episode": 1,
      "tier": 2,
      "category": "kinship_and_gossip",
      "mastery_score": 0,
      "times_reviewed": 0,
      "last_reviewed": null
    },
    {
      "tamil": "அக்கா",
      "english": "Elder sister",
      "level": 5,
      "episode": 1,
      "tier": 2,
      "category": "kinship_and_gossip",
      "mastery_score": 0,
      "times_reviewed": 0,
      "last_reviewed": null
    },
    {
      "tamil": "தங்கச்சி",
      "english": "Younger sister",
      "level": 5,
      "episode": 1,
      "tier": 2,
      "category": "kinship_and_gossip",
      "mastery_score": 0,
      "times_reviewed": 0,
      "last_reviewed": null
    },
    {
      "tamil": "மாமா",
      "english": "Uncle (maternal)",
      "level": 5,
      "episode": 1,
      "tier": 2,
      "category": "kinship_and_gossip",
      "mastery_score": 0,
      "times_reviewed": 0,
      "last_reviewed": null
    },
    {
      "tamil": "அத்தை",
      "english": "Aunt (paternal)",
      "level": 5,
      "episode": 1,
      "tier": 2,
      "category": "kinship_and_gossip",
      "mastery_score": 0,
      "times_reviewed": 0,
      "last_reviewed": null
    },
    {
      "tamil": "அவங்க",
      "english": "They / He-She (respectful)",
      "level": 5,
      "episode": 2,
      "tier": 2,
      "category": "kinship_and_gossip",
      "mastery_score": 0,
      "times_reviewed": 0,
      "last_reviewed": null
    },
    {
      "tamil": "அவன்",
      "english": "He (informal)",
      "level": 5,
      "episode": 2,
      "tier": 2,
      "category": "kinship_and_gossip",
      "mastery_score": 0,
      "times_reviewed": 0,
      "last_reviewed": null
    },
    {
      "tamil": "அவ",
      "english": "She (informal)",
      "level": 5,
      "episode": 2,
      "tier": 2,
      "category": "kinship_and_gossip",
      "mastery_score": 0,
      "times_reviewed": 0,
      "last_reviewed": null
    },
    {
      "tamil": "அது",
      "english": "It / That",
      "level": 5,
      "episode": 2,
      "tier": 2,
      "category": "kinship_and_gossip",
      "mastery_score": 0,
      "times_reviewed": 0,
      "last_reviewed": null
    },
    {
      "tamil": "நம்ம",
      "english": "Our (inclusive)",
      "level": 5,
      "episode": 2,
      "tier": 2,
      "category": "kinship_and_gossip",
      "mastery_score": 0,
      "times_reviewed": 0,
      "last_reviewed": null
    },
    {
      "tamil": "நாங்க",
      "english": "We (exclusive)",
      "level": 5,
      "episode": 2,
      "tier": 2,
      "category": "kinship_and_gossip",
      "mastery_score": 0,
      "times_reviewed": 0,
      "last_reviewed": null
    },
    {
      "tamil": "சொன்னாங்க",
      "english": "They said",
      "level": 5,
      "episode": 3,
      "tier": 2,
      "category": "kinship_and_gossip",
      "mastery_score": 0,
      "times_reviewed": 0,
      "last_reviewed": null
    },
    {
      "tamil": "கேட்டாங்க",
      "english": "They asked",
      "level": 5,
      "episode": 3,
      "tier": 2,
      "category": "kinship_and_gossip",
      "mastery_score": 0,
      "times_reviewed": 0,
      "last_reviewed": null
    },
    {
      "tamil": "சொன்னேன்",
      "english": "I said",
      "level": 5,
      "episode": 3,
      "tier": 2,
      "category": "kinship_and_gossip",
      "mastery_score": 0,
      "times_reviewed": 0,
      "last_reviewed": null
    },
    {
      "tamil": "கேட்டேன்",
      "english": "I asked",
      "level": 5,
      "episode": 3,
      "tier": 2,
      "category": "kinship_and_gossip",
      "mastery_score": 0,
      "times_reviewed": 0,
      "last_reviewed": null
    },
    {
      "tamil": "நினைச்சேன்",
      "english": "I thought",
      "level": 5,
      "episode": 4,
      "tier": 2,
      "category": "kinship_and_gossip",
      "mastery_score": 0,
      "times_reviewed": 0,
      "last_reviewed": null
    },
    {
      "tamil": "அப்படீங்களா?",
      "english": "Is that so?",
      "level": 5,
      "episode": 4,
      "tier": 2,
      "category": "kinship_and_gossip",
      "mastery_score": 0,
      "times_reviewed": 0,
      "last_reviewed": null
    },
    {
      "tamil": "நிஜமா?",
      "english": "Really?",
      "level": 5,
      "episode": 4,
      "tier": 2,
      "category": "kinship_and_gossip",
      "mastery_score": 0,
      "times_reviewed": 0,
      "last_reviewed": null
    },
    {
      "tamil": "புரிஞ்சுது",
      "english": "I understood",
      "level": 5,
      "episode": 4,
      "tier": 2,
      "category": "kinship_and_gossip",
      "mastery_score": 0,
      "times_reviewed": 0,
      "last_reviewed": null
    },
    {
      "tamil": "புரியல",
      "english": "I don't understand",
      "level": 5,
      "episode": 4,
      "tier": 2,
      "category": "kinship_and_gossip",
      "mastery_score": 0,
      "times_reviewed": 0,
      "last_reviewed": null
    },
    {
      "tamil": "முறை மாமன்",
      "english": "Cross-cousin (marriageable uncle)",
      "level": 5,
      "episode": 7,
      "tier": 2,
      "category": "kinship_and_gossip",
      "mastery_score": 0,
      "times_reviewed": 0,
      "last_reviewed": null
    },
    {
      "tamil": "பொண்ணு",
      "english": "Girl / Daughter",
      "level": 5,
      "episode": 7,
      "tier": 2,
      "category": "kinship_and_gossip",
      "mastery_score": 0,
      "times_reviewed": 0,
      "last_reviewed": null
    },
    {
      "tamil": "பையன்",
      "english": "Boy / Son",
      "level": 5,
      "episode": 7,
      "tier": 2,
      "category": "kinship_and_gossip",
      "mastery_score": 0,
      "times_reviewed": 0,
      "last_reviewed": null
    },
    {
      "tamil": "கல்யாணம்",
      "english": "Wedding / Marriage",
      "level": 5,
      "episode": 7,
      "tier": 2,
      "category": "kinship_and_gossip",
      "mastery_score": 0,
      "times_reviewed": 0,
      "last_reviewed": null
    },
    {
      "tamil": "போவேன்",
      "english": "I will go",
      "level": 6,
      "episode": 1,
      "tier": 3,
      "category": "operations_(the_future)",
      "mastery_score": 0,
      "times_reviewed": 0,
      "last_reviewed": null
    },
    {
      "tamil": "வருவேன்",
      "english": "I will come",
      "level": 6,
      "episode": 1,
      "tier": 3,
      "category": "operations_(the_future)",
      "mastery_score": 0,
      "times_reviewed": 0,
      "last_reviewed": null
    },
    {
      "tamil": "பண்ணுவேன்",
      "english": "I will do",
      "level": 6,
      "episode": 1,
      "tier": 3,
      "category": "operations_(the_future)",
      "mastery_score": 0,
      "times_reviewed": 0,
      "last_reviewed": null
    },
    {
      "tamil": "சாப்பிடுவேன்",
      "english": "I will eat",
      "level": 6,
      "episode": 1,
      "tier": 3,
      "category": "operations_(the_future)",
      "mastery_score": 0,
      "times_reviewed": 0,
      "last_reviewed": null
    },
    {
      "tamil": "போலாமா?",
      "english": "Shall we go?",
      "level": 6,
      "episode": 2,
      "tier": 3,
      "category": "operations_(the_future)",
      "mastery_score": 0,
      "times_reviewed": 0,
      "last_reviewed": null
    },
    {
      "tamil": "பண்ணலாமா?",
      "english": "Shall we do?",
      "level": 6,
      "episode": 2,
      "tier": 3,
      "category": "operations_(the_future)",
      "mastery_score": 0,
      "times_reviewed": 0,
      "last_reviewed": null
    },
    {
      "tamil": "பாக்கலாமா?",
      "english": "Shall we see?",
      "level": 6,
      "episode": 2,
      "tier": 3,
      "category": "operations_(the_future)",
      "mastery_score": 0,
      "times_reviewed": 0,
      "last_reviewed": null
    },
    {
      "tamil": "சாப்பிடலாமா?",
      "english": "Shall we eat?",
      "level": 6,
      "episode": 2,
      "tier": 3,
      "category": "operations_(the_future)",
      "mastery_score": 0,
      "times_reviewed": 0,
      "last_reviewed": null
    },
    {
      "tamil": "அடுத்த வாரம்",
      "english": "Next week",
      "level": 6,
      "episode": 3,
      "tier": 3,
      "category": "operations_(the_future)",
      "mastery_score": 0,
      "times_reviewed": 0,
      "last_reviewed": null
    },
    {
      "tamil": "எப்பவும்",
      "english": "Always",
      "level": 6,
      "episode": 3,
      "tier": 3,
      "category": "operations_(the_future)",
      "mastery_score": 0,
      "times_reviewed": 0,
      "last_reviewed": null
    },
    {
      "tamil": "அப்பப்போ",
      "english": "Sometimes",
      "level": 6,
      "episode": 3,
      "tier": 3,
      "category": "operations_(the_future)",
      "mastery_score": 0,
      "times_reviewed": 0,
      "last_reviewed": null
    },
    {
      "tamil": "இன்னும் கொஞ்ச நேரம்",
      "english": "A little more time",
      "level": 6,
      "episode": 3,
      "tier": 3,
      "category": "operations_(the_future)",
      "mastery_score": 0,
      "times_reviewed": 0,
      "last_reviewed": null
    },
    {
      "tamil": "வந்தா",
      "english": "If (someone) comes",
      "level": 6,
      "episode": 4,
      "tier": 3,
      "category": "operations_(the_future)",
      "mastery_score": 0,
      "times_reviewed": 0,
      "last_reviewed": null
    },
    {
      "tamil": "போனா",
      "english": "If (someone) goes",
      "level": 6,
      "episode": 4,
      "tier": 3,
      "category": "operations_(the_future)",
      "mastery_score": 0,
      "times_reviewed": 0,
      "last_reviewed": null
    },
    {
      "tamil": "மழை வந்தா",
      "english": "If it rains",
      "level": 6,
      "episode": 4,
      "tier": 3,
      "category": "operations_(the_future)",
      "mastery_score": 0,
      "times_reviewed": 0,
      "last_reviewed": null
    },
    {
      "tamil": "டைம் இருந்தா",
      "english": "If there is time",
      "level": 6,
      "episode": 4,
      "tier": 3,
      "category": "operations_(the_future)",
      "mastery_score": 0,
      "times_reviewed": 0,
      "last_reviewed": null
    },
    {
      "tamil": "வர்றேன்",
      "english": "I'm coming (present continuous)",
      "level": 6,
      "episode": 7,
      "tier": 3,
      "category": "operations_(the_future)",
      "mastery_score": 0,
      "times_reviewed": 0,
      "last_reviewed": null
    },
    {
      "tamil": "கிளம்பிட்டேன்",
      "english": "I've started / I've left",
      "level": 6,
      "episode": 7,
      "tier": 3,
      "category": "operations_(the_future)",
      "mastery_score": 0,
      "times_reviewed": 0,
      "last_reviewed": null
    },
    {
      "tamil": "வந்துட்டேன்",
      "english": "I've arrived",
      "level": 6,
      "episode": 7,
      "tier": 3,
      "category": "operations_(the_future)",
      "mastery_score": 0,
      "times_reviewed": 0,
      "last_reviewed": null
    },
    {
      "tamil": "சீக்கிரம் வரேன்",
      "english": "I'll come quickly",
      "level": 6,
      "episode": 7,
      "tier": 3,
      "category": "operations_(the_future)",
      "mastery_score": 0,
      "times_reviewed": 0,
      "last_reviewed": null
    },
    {
      "tamil": "இல்ல?",
      "english": "Right? / Isn't it?",
      "level": 7,
      "episode": 1,
      "tier": 3,
      "category": "local_fluency_(attitude)",
      "mastery_score": 0,
      "times_reviewed": 0,
      "last_reviewed": null
    },
    {
      "tamil": "தானே?",
      "english": "Right? (confirming)",
      "level": 7,
      "episode": 1,
      "tier": 3,
      "category": "local_fluency_(attitude)",
      "mastery_score": 0,
      "times_reviewed": 0,
      "last_reviewed": null
    },
    {
      "tamil": "அ?",
      "english": "Huh? / What?",
      "level": 7,
      "episode": 1,
      "tier": 3,
      "category": "local_fluency_(attitude)",
      "mastery_score": 0,
      "times_reviewed": 0,
      "last_reviewed": null
    },
    {
      "tamil": "ஆமா இல்லையா?",
      "english": "Yes or no?",
      "level": 7,
      "episode": 1,
      "tier": 3,
      "category": "local_fluency_(attitude)",
      "mastery_score": 0,
      "times_reviewed": 0,
      "last_reviewed": null
    },
    {
      "tamil": "பயங்கரம்",
      "english": "Terrific / Terrible (intensifier)",
      "level": 7,
      "episode": 2,
      "tier": 3,
      "category": "local_fluency_(attitude)",
      "mastery_score": 0,
      "times_reviewed": 0,
      "last_reviewed": null
    },
    {
      "tamil": "மொக்கை",
      "english": "Boring / Lame",
      "level": 7,
      "episode": 2,
      "tier": 3,
      "category": "local_fluency_(attitude)",
      "mastery_score": 0,
      "times_reviewed": 0,
      "last_reviewed": null
    },
    {
      "tamil": "வேற லெவல்",
      "english": "Next level",
      "level": 7,
      "episode": 2,
      "tier": 3,
      "category": "local_fluency_(attitude)",
      "mastery_score": 0,
      "times_reviewed": 0,
      "last_reviewed": null
    },
    {
      "tamil": "அட்டகாசம்",
      "english": "Fantastic / Amazing",
      "level": 7,
      "episode": 2,
      "tier": 3,
      "category": "local_fluency_(attitude)",
      "mastery_score": 0,
      "times_reviewed": 0,
      "last_reviewed": null
    },
    {
      "tamil": "சும்மா",
      "english": "Just / Casually",
      "level": 7,
      "episode": 3,
      "tier": 3,
      "category": "local_fluency_(attitude)",
      "mastery_score": 0,
      "times_reviewed": 0,
      "last_reviewed": null
    },
    {
      "tamil": "ஆக்சுவலா",
      "english": "Actually",
      "level": 7,
      "episode": 3,
      "tier": 3,
      "category": "local_fluency_(attitude)",
      "mastery_score": 0,
      "times_reviewed": 0,
      "last_reviewed": null
    },
    {
      "tamil": "ஒரு நிமிஷம்",
      "english": "One minute",
      "level": 7,
      "episode": 3,
      "tier": 3,
      "category": "local_fluency_(attitude)",
      "mastery_score": 0,
      "times_reviewed": 0,
      "last_reviewed": null
    },
    {
      "tamil": "வந்து",
      "english": "Like / You see (filler)",
      "level": 7,
      "episode": 3,
      "tier": 3,
      "category": "local_fluency_(attitude)",
      "mastery_score": 0,
      "times_reviewed": 0,
      "last_reviewed": null
    },
    {
      "tamil": "வந்து விட்டேன்",
      "english": "I've arrived (formal)",
      "level": 7,
      "episode": 4,
      "tier": 3,
      "category": "local_fluency_(attitude)",
      "mastery_score": 0,
      "times_reviewed": 0,
      "last_reviewed": null
    },
    {
      "tamil": "போயிட்டேன்",
      "english": "I've gone (compressed)",
      "level": 7,
      "episode": 4,
      "tier": 3,
      "category": "local_fluency_(attitude)",
      "mastery_score": 0,
      "times_reviewed": 0,
      "last_reviewed": null
    },
    {
      "tamil": "போய் விட்டேன்",
      "english": "I've gone (formal)",
      "level": 7,
      "episode": 4,
      "tier": 3,
      "category": "local_fluency_(attitude)",
      "mastery_score": 0,
      "times_reviewed": 0,
      "last_reviewed": null
    },
    {
      "tamil": "பண்ணிட்டேன்",
      "english": "I've done (compressed)",
      "level": 7,
      "episode": 4,
      "tier": 3,
      "category": "local_fluency_(attitude)",
      "mastery_score": 0,
      "times_reviewed": 0,
      "last_reviewed": null
    },
    {
      "tamil": "மச்சி",
      "english": "Dude / Bro",
      "level": 7,
      "episode": 7,
      "tier": 3,
      "category": "local_fluency_(attitude)",
      "mastery_score": 0,
      "times_reviewed": 0,
      "last_reviewed": null
    },
    {
      "tamil": "டேய்",
      "english": "Hey (very informal)",
      "level": 7,
      "episode": 7,
      "tier": 3,
      "category": "local_fluency_(attitude)",
      "mastery_score": 0,
      "times_reviewed": 0,
      "last_reviewed": null
    },
    {
      "tamil": "ஐயோ",
      "english": "Oh no! / Alas!",
      "level": 7,
      "episode": 7,
      "tier": 3,
      "category": "local_fluency_(attitude)",
      "mastery_score": 0,
      "times_reviewed": 0,
      "last_reviewed": null
    },
    {
      "tamil": "சபாஷ்",
      "english": "Well done!",
      "level": 7,
      "episode": 7,
      "tier": 3,
      "category": "local_fluency_(attitude)",
      "mastery_score": 0,
      "times_reviewed": 0,
      "last_reviewed": null
    },
    {
      "tamil": "ஓகே மச்சி",
      "english": "Okay dude",
      "level": 7,
      "episode": 7,
      "tier": 3,
      "category": "local_fluency_(attitude)",
      "mastery_score": 0,
      "times_reviewed": 0,
      "last_reviewed": null
    },
    {
      "tamil": "ஏன் அப்படி?",
      "english": "Why like that?",
      "level": 8,
      "episode": 1,
      "tier": 3,
      "category": "deep_cover_(graduation)",
      "mastery_score": 0,
      "times_reviewed": 0,
      "last_reviewed": null
    },
    {
      "tamil": "என்னாச்சு?",
      "english": "What happened?",
      "level": 8,
      "episode": 1,
      "tier": 3,
      "category": "deep_cover_(graduation)",
      "mastery_score": 0,
      "times_reviewed": 0,
      "last_reviewed": null
    },
    {
      "tamil": "விடுங்க",
      "english": "Leave it (respectful)",
      "level": 8,
      "episode": 1,
      "tier": 3,
      "category": "deep_cover_(graduation)",
      "mastery_score": 0,
      "times_reviewed": 0,
      "last_reviewed": null
    },
    {
      "tamil": "மன்னிச்சுக்கங்க",
      "english": "Please forgive (respectful)",
      "level": 8,
      "episode": 1,
      "tier": 3,
      "category": "deep_cover_(graduation)",
      "mastery_score": 0,
      "times_reviewed": 0,
      "last_reviewed": null
    },
    {
      "tamil": "சிரிப்பு",
      "english": "Laughter",
      "level": 8,
      "episode": 2,
      "tier": 3,
      "category": "deep_cover_(graduation)",
      "mastery_score": 0,
      "times_reviewed": 0,
      "last_reviewed": null
    },
    {
      "tamil": "காமெடி",
      "english": "Comedy",
      "level": 8,
      "episode": 2,
      "tier": 3,
      "category": "deep_cover_(graduation)",
      "mastery_score": 0,
      "times_reviewed": 0,
      "last_reviewed": null
    },
    {
      "tamil": "செம ஜோக்",
      "english": "Great joke",
      "level": 8,
      "episode": 2,
      "tier": 3,
      "category": "deep_cover_(graduation)",
      "mastery_score": 0,
      "times_reviewed": 0,
      "last_reviewed": null
    },
    {
      "tamil": "ஒன்னும் இல்ல",
      "english": "It's nothing",
      "level": 8,
      "episode": 2,
      "tier": 3,
      "category": "deep_cover_(graduation)",
      "mastery_score": 0,
      "times_reviewed": 0,
      "last_reviewed": null
    },
    {
      "tamil": "வேடிக்கை",
      "english": "Fun / Amusement",
      "level": 8,
      "episode": 2,
      "tier": 3,
      "category": "deep_cover_(graduation)",
      "mastery_score": 0,
      "times_reviewed": 0,
      "last_reviewed": null
    },
    {
      "tamil": "சீக்கிரம்",
      "english": "Quickly",
      "level": 8,
      "episode": 3,
      "tier": 3,
      "category": "deep_cover_(graduation)",
      "mastery_score": 0,
      "times_reviewed": 0,
      "last_reviewed": null
    },
    {
      "tamil": "மெதுவா",
      "english": "Slowly",
      "level": 8,
      "episode": 3,
      "tier": 3,
      "category": "deep_cover_(graduation)",
      "mastery_score": 0,
      "times_reviewed": 0,
      "last_reviewed": null
    },
    {
      "tamil": "கவனமா",
      "english": "Carefully",
      "level": 8,
      "episode": 3,
      "tier": 3,
      "category": "deep_cover_(graduation)",
      "mastery_score": 0,
      "times_reviewed": 0,
      "last_reviewed": null
    },
    {
      "tamil": "நல்லா",
      "english": "Well / Nicely",
      "level": 8,
      "episode": 3,
      "tier": 3,
      "category": "deep_cover_(graduation)",
      "mastery_score": 0,
      "times_reviewed": 0,
      "last_reviewed": null
    },
    {
      "tamil": "சரியா",
      "english": "Correctly / Properly",
      "level": 8,
      "episode": 3,
      "tier": 3,
      "category": "deep_cover_(graduation)",
      "mastery_score": 0,
      "times_reviewed": 0,
      "last_reviewed": null
    },
    {
      "tamil": "நன்றி",
      "english": "Thank you",
      "level": 8,
      "episode": 7,
      "tier": 3,
      "category": "deep_cover_(graduation)",
      "mastery_score": 0,
      "times_reviewed": 0,
      "last_reviewed": null
    },
    {
      "tamil": "தமிழ் தெரியும்",
      "english": "I know Tamil",
      "level": 8,
      "episode": 7,
      "tier": 3,
      "category": "deep_cover_(graduation)",
      "mastery_score": 0,
      "times_reviewed": 0,
      "last_reviewed": null
    },
    {
      "tamil": "கொஞ்சம் கொஞ்சமா கத்துக்கிட்டு இருக்கேன்",
      "english": "I'm learning little by little",
      "level": 8,
      "episode": 7,
      "tier": 3,
      "category": "deep_cover_(graduation)",
      "mastery_score": 0,
      "times_reviewed": 0,
      "last_reviewed": null
    }
  ]
}